recordedAt,temperature,heatIndex,humidity,airPressure,precipitation,light,uvIndex,windDirection,windSpeed
12/31/2025 04:00 PM,27.59,30.79,77.73,991.67,0,0,2,225.28 °SW,0
12/31/2025 05:00 PM,25.84,27.46,85.89,992.22,0.11,0,3.32,225.03 °SW,0
12/31/2025 06:00 PM,24.71,24.9,92.45,992.57,0,0,7.95,224.64 °SW,0
12/31/2025 07:00 PM,24.68,24.81,93.06,993.38,0,0,8.02,224.72 °SW,0
12/31/2025 08:00 PM,25.06,25.83,88.1,993.83,0,0,8.95,224.69 °SW,0
12/31/2025 09:00 PM,24.23,23.83,92.41,993.91,0,0,8.82,224.72 °SW,0
12/31/2025 10:00 PM,23.21,21.15,97.01,993.81,0,0,7.6,224.7 °SW,0
12/31/2025 11:00 PM,22.67,19.56,99.77,993.63,0,0,7,224.68 °SW,0
1/1/2026 12:00 AM,22.52,19.19,100,993.47,0,0,7,224.68 °SW,0
1/1/2026 01:00 AM,22.71,19.59,99.97,993.17,0,0,7,190.15 °S,0
1/1/2026 02:00 AM,22.66,19.49,100,992.81,0,0,6.07,185.11 °S,0
1/1/2026 03:00 AM,22.72,19.6,100,992.64,0,0,6,185.26 °S,0
1/1/2026 04:00 AM,22.84,19.86,100,992.84,0,0,6,185.29 °S,0
1/1/2026 05:00 AM,22.92,20.04,100,992.87,0,0,6,154.59 °SE,0
1/1/2026 06:00 AM,23.08,20.4,100,993.48,0,0,4.35,121.67 °SE,0
1/1/2026 07:00 AM,23.91,22.58,97.41,994.33,0,0,4.95,129.47 °SE,0
1/1/2026 08:00 AM,25.28,26.34,84.03,995.16,0,0,5.13,193.09 °S,0
1/1/2026 09:00 AM,26.24,28.38,84.58,995.44,0,0,5.54,185.32 °S,0
1/1/2026 10:00 AM,27.25,30.43,81.5,995.37,0,0,4.37,186.3 °S,0
1/1/2026 11:00 AM,29.03,33.25,72.28,994.84,0,0,5,162.76 °S,0
1/1/2026 12:00 PM,30.95,35.9,64.49,993.95,0,0,6.07,290.5 °W,0
1/1/2026 01:00 PM,30.05,34.81,68.71,993.19,0,0,6.55,285.06 °W,0.01
1/1/2026 02:00 PM,29.18,33.37,71.3,992.81,0,0,3.7,263.25 °W,0
1/1/2026 03:00 PM,27.85,31.32,77.13,992.98,0,0,2.48,225.68 °SW,0
1/1/2026 04:00 PM,26.52,28.86,83.2,993.33,0,0,1.75,207.18 °SW,0
1/1/2026 05:00 PM,25.52,26.85,89.97,993.89,0,0,3.5,208.62 °SW,0
1/1/2026 06:00 PM,25.19,26.06,91.63,994.38,0,0,6.42,191.42 °S,0
1/1/2026 07:00 PM,25.22,26.17,89.17,994.96,0,0,7,152.9 °SE,0
1/1/2026 08:00 PM,25.14,26,88.6,995.52,0,0,7,154.82 °SE,0
1/1/2026 09:00 PM,25.39,26.53,82.57,995.64,0,0,7,161.1 °S,0
1/1/2026 10:00 PM,25.2,26.13,84.35,995.8,0.11,0,7.55,107.01 °E,0.03
1/1/2026 11:00 PM,23.88,23,93.49,995.73,1.1,0,6.88,101.33 °E,0
1/2/2026 12:00 AM,23.29,21.09,98.6,995.63,0.99,0,4.78,101.34 °E,0
1/2/2026 01:00 AM,23,20.22,100,995.27,3.52,0,3.62,85.6 °E,0
1/2/2026 02:00 AM,22.7,19.63,99.72,994.79,2.64,0,3,84.72 °E,0.02
1/2/2026 03:00 AM,22.79,20.16,97.76,994.6,1.65,0,3,161.28 °S,0.05
1/2/2026 04:00 AM,22.37,18.89,100,994.83,1.21,0,3,184.02 °S,0
1/2/2026 05:00 AM,22.32,18.79,100,995.16,1.32,0,2.78,164.39 °S,0
1/2/2026 06:00 AM,22.22,18.59,100,995.88,1.1,0,2,187.42 °S,0
1/2/2026 07:00 AM,22.24,18.62,99.98,996.7,0.88,0,2.27,60.91 °NE,0
1/2/2026 08:00 AM,22.53,20.16,95.17,997.29,0.77,0,5.23,126.15 °SE,0
1/2/2026 09:00 AM,23.12,22.06,89.73,997.62,0.77,0,7.85,113.15 °SE,0.07
1/2/2026 10:00 AM,23.69,23.44,85.52,997.53,0.66,0,7.87,141.65 °SE,0.16
1/2/2026 11:00 AM,24.33,24.74,81.79,997.03,0.55,0,6.58,169.2 °S,0.11
1/2/2026 12:00 PM,24.49,24.96,82.57,996.46,0.66,0,8.53,175.38 °S,0
1/2/2026 01:00 PM,24.84,25.67,76.3,995.48,0.55,0,7.38,143.72 °SE,0.13
1/2/2026 02:00 PM,25.74,27.01,72.37,995.09,0.55,0,4.92,195.64 °S,0.07
1/2/2026 03:00 PM,24.96,25.92,72.5,995.27,0.44,0,7.48,130.62 °SE,0.99
1/2/2026 04:00 PM,24.5,25.19,77.25,995.76,0.55,0,4.77,177.39 °S,0.16
1/2/2026 05:00 PM,24.35,24.97,77.56,996.09,0.33,0,3.42,136.56 °SE,0.96
1/2/2026 06:00 PM,23.94,24.35,79,996.33,0.33,0,3,141.96 °SE,0.75
1/2/2026 07:00 PM,24.38,25.05,76.65,997.02,0.33,0,3,132.76 °SE,0.82
1/2/2026 08:00 PM,24.68,25.49,75.55,997.39,0.22,0,3,106.52 °E,2.03
1/2/2026 09:00 PM,24.73,25.6,73.5,997.59,0.33,0,2.88,93.82 °E,1.51
1/2/2026 10:00 PM,24.79,25.7,72.44,997.5,0.11,0,2,98.6 °E,1.56
1/2/2026 11:00 PM,24.6,25.45,73.17,997.52,0.22,0,2,65.34 °NE,1.82
1/3/2026 12:00 AM,24.53,25.38,72.68,997.37,0.22,0,1.15,67.96 °E,2.71
1/3/2026 01:00 AM,24.42,25.24,73.16,996.94,0.22,0,1,77.77 °E,2.74
1/3/2026 02:00 AM,24.32,25.12,73.2,996.35,0.22,0,1,73.52 °E,2.85
1/3/2026 03:00 AM,24.1,24.85,73.7,996.29,0.22,0,1,95.32 °E,1.37
1/3/2026 04:00 AM,23.82,24.56,73.49,995.95,0.11,0,1,109.06 °E,0
1/3/2026 05:00 AM,23.76,24.54,72.66,996.01,0.22,0,1,112.7 °SE,0
1/3/2026 06:00 AM,23.99,24.88,70.62,996.43,0.11,0,1.05,105.73 °E,1.03
1/3/2026 07:00 AM,24.49,25.46,67.85,997.41,0.22,0,2.8,73.43 °E,1.91
1/3/2026 08:00 AM,24.93,25.92,66.76,998.02,0.22,0,6.46,91.6 °E,1.85
1/3/2026 09:00 AM,25.73,26.76,64.13,997.93,0.22,0,2.85,105.34 °E,2.12
1/3/2026 10:00 AM,26.74,27.85,61.38,997.55,0.22,0,0,99.13 °E,2.83
1/3/2026 11:00 AM,27.95,29.16,57.86,997.3,0.33,0,0,122.19 °SE,2.83
1/3/2026 12:00 PM,28.32,29.48,56.15,996.71,0.22,0,0,100.65 °E,1.84
1/3/2026 01:00 PM,28.03,29.04,55.74,995.95,0.11,0,0,103.22 °E,2.62
1/3/2026 02:00 PM,27.81,28.84,56.57,995.44,0.22,0,0,101.63 °E,0.6
1/3/2026 03:00 PM,27.06,28.01,57.88,995.26,0.22,0,3.93,122.22 °SE,2.2
1/3/2026 04:00 PM,25.9,26.86,61.17,995.7,0.22,0,3.33,111.72 °E,0.8
1/3/2026 05:00 PM,25.08,26.08,63.65,996.41,0.11,0,0.3,120.65 °SE,0.71
1/3/2026 06:00 PM,24.63,25.63,66.15,996.96,0.22,0,0,117.95 °SE,1.32
1/3/2026 07:00 PM,24.37,25.38,66.27,997.76,0.11,0,0,105.75 °E,1.45
1/3/2026 08:00 PM,23.86,24.89,68.14,998.38,0.22,0,0,102.66 °E,1.2
1/3/2026 09:00 PM,23.65,24.7,68.34,998.59,0.11,0,0,113.77 °SE,1.45
1/3/2026 10:00 PM,23.53,24.71,66.56,998.36,0.11,0,0,98.7 °E,0.86
1/3/2026 11:00 PM,23.22,24.47,67.1,997.99,0.11,0,0,103.49 °E,1.09
1/4/2026 12:00 AM,23.05,24.43,66.16,997.63,0.11,0,0,88.79 °E,1.7
1/4/2026 01:00 AM,23.08,24.51,65.06,997.27,0.22,0,0,99.18 °E,1.48
1/4/2026 02:00 AM,23.06,24.54,64.48,996.7,0.11,0,0,101.27 °E,2.08
1/4/2026 03:00 AM,23,24.5,64.54,996.49,0.11,0,0,116.76 °SE,2.86
1/4/2026 04:00 AM,23.02,24.52,64.5,996.36,0.11,0,0,118.22 °SE,1.95
1/4/2026 05:00 AM,22.98,24.53,63.9,997.14,0.11,0,0,115.68 °SE,1.84
1/4/2026 06:00 AM,22.98,24.57,63.36,997.75,0.11,0,0.49,98.62 °E,2.16
1/4/2026 07:00 AM,23.21,24.68,63.5,998.12,0.11,0,3.27,98.9 °E,1.78
1/4/2026 08:00 AM,24.35,25.47,61.75,998.35,0.11,0,5.7,113.67 °SE,1.04
1/4/2026 09:00 AM,25.35,26.3,59.58,998.66,0.11,0,0.18,109.83 °E,1.06
1/4/2026 10:00 AM,26.01,26.89,58.47,998.59,0.11,0,0,106.69 °E,0.73
1/4/2026 11:00 AM,26.49,27.37,58.2,998.03,0.11,0,0,99.24 °E,0
1/4/2026 12:00 PM,27.21,28.16,57.52,997.43,0.11,0,0,74.97 °E,0.18
1/4/2026 01:00 PM,27.19,28.25,58.92,996.81,0.11,0,0,68.57 °E,0
1/4/2026 02:00 PM,27.13,28.24,59.73,996.51,0,0,0.37,87.13 °E,0
1/4/2026 03:00 PM,26.87,27.92,59.89,996.41,0,0,9,89.65 °E,0
1/29/2026 11:00 AM,26.7,27.41,49,938.2,12.31,44530.94,5.37,145.87 °SE,3.55
1/29/2026 12:00 PM,28.68,29.47,51.93,998.72,0,54612.5,5,106.98 °E,4
1/29/2026 01:00 PM,29.18,29.94,50.36,997.94,0,54612.5,4.13,117.53 °SE,3.37
1/29/2026 02:00 PM,29.14,29.86,50.08,997.57,0,53508.53,3.98,147.51 °SE,1.09
1/29/2026 03:00 PM,28.93,29.69,50.91,997.58,0,32298.41,3,163.98 °S,0.28
1/29/2026 04:00 PM,27.82,28.55,53.35,998.06,0,9318.97,3.65,140.62 °SE,0.21
1/29/2026 05:00 PM,26.29,27.17,58.56,998.85,0,2212.25,4,139.06 °SE,0.13
1/29/2026 06:00 PM,24.88,25.89,63.31,999.8,0,22.8,7.2,143.54 °SE,0.12
1/29/2026 07:00 PM,24.18,25.32,63.01,1000.43,0,0,7.07,138.04 °SE,0.22
1/29/2026 08:00 PM,23.5,24.69,66.42,1001.23,0.11,0,7.27,183.78 °S,0.07
1/29/2026 09:00 PM,22.63,23.81,70.65,1001.74,0,0,7.68,213.74 °SW,0
1/29/2026 10:00 PM,22.27,23.4,72.41,1001.63,0,0,6.87,184.11 °S,0.01
1/29/2026 11:00 PM,22.34,23.68,70.26,1001.34,0,0,5.47,223.9 °SW,0
1/30/2026 12:00 AM,21.52,23.02,72.55,1001.07,0,0,5,247.02 °SW,0.01
1/30/2026 01:00 AM,21.25,22.85,73.01,1000.64,0,0,5,224.34 °SW,0
1/30/2026 02:00 AM,21.07,22.73,73.36,1000.24,0,0,5,191.77 °S,0
1/30/2026 03:00 AM,19.77,20.57,82.1,999.73,0,0,5,261.44 °W,0
1/30/2026 04:00 AM,19.91,20.74,81.61,999.67,0,0,5,235.12 °SW,0
1/30/2026 05:00 AM,21.97,23.33,71.55,999.98,0,0,4.13,148.23 °SE,0.08
1/30/2026 06:00 AM,22.67,24,68.84,1000.66,0,916.13,3.82,131.37 °SE,0.06
1/30/2026 07:00 AM,23.21,24.47,66.96,1001.33,0,4337.58,5,128 °SE,0.16
1/30/2026 08:00 AM,24.23,25.35,63.34,1002,0,17228.92,7.38,131.06 °SE,0.11
1/30/2026 09:00 AM,26.37,27.23,57.81,1002.29,0,49172.23,9.47,139.77 °SE,0.42
1/30/2026 10:00 AM,27.82,28.67,54.63,1001.83,0,54083.13,9.27,162.41 °S,0.2
1/30/2026 11:00 AM,28.51,29.41,53.27,1001.15,0,54227.79,6.2,139.51 °SE,0.47
1/30/2026 12:00 PM,28.91,29.9,52.84,1000.38,0,50324.28,4.72,127.56 °SE,0.42
1/30/2026 01:00 PM,28.07,29.06,55.39,999.72,0,38354.17,4.15,151.68 °SE,0.14
1/30/2026 02:00 PM,27.86,28.84,55.93,999.11,0,36946,4.03,171.99 °S,0.16
1/30/2026 03:00 PM,26.96,28.01,59.53,998.83,0,25150.96,3.95,128.48 °SE,0.09
1/30/2026 04:00 PM,25.94,26.96,62.97,999.14,0,8929.96,4,153.23 °SE,0.21
1/30/2026 05:00 PM,24.86,25.83,67.91,999.67,0,2611.53,3.82,232.18 °SW,0.05
1/30/2026 06:00 PM,23.98,24.87,70.78,1000.12,0,21.69,6.82,244.33 °SW,0.01
1/30/2026 07:00 PM,23.71,24.65,70.06,1000.62,0,0,6.08,222.17 °SW,0.01
1/30/2026 08:00 PM,23.37,24.35,70.43,1001.07,0,0,5.9,183.81 °S,0.04
1/30/2026 09:00 PM,23.09,24.02,71.86,1001.28,0,0,5.72,197.78 °S,0
1/30/2026 10:00 PM,22.95,24.05,70.31,1001.26,0,0,5,162.89 °S,0
1/30/2026 11:00 PM,22.93,24.17,68.63,1000.96,0,0,5,173.5 °S,0.06
1/31/2026 12:00 AM,22.21,23.74,69.1,1000.41,0,0,5,202.73 °SW,0.01
1/31/2026 01:00 AM,22.56,24.1,67.01,999.79,0,0,5,167.41 °S,0.25
1/31/2026 02:00 AM,22.61,24.12,67.03,999.29,0,0,5,128.66 °SE,0.17
1/31/2026 03:00 AM,22.83,24.34,65.66,999.05,0,0,5,114.58 °SE,0.29
1/31/2026 04:00 AM,23.17,24.6,64.52,999.22,0,0,5,130.63 °SE,1.46
1/31/2026 05:00 AM,23.18,24.71,62.44,999.21,0,0,4.98,124.48 °SE,2.44
1/31/2026 06:00 AM,23.31,24.93,59.1,999.83,0,1080.66,4.07,120.71 °SE,2.61
1/31/2026 07:00 AM,24.09,25.39,56.12,1000.58,0,10448.69,5.25,147.13 °SE,1.32
1/31/2026 08:00 AM,24.91,25.9,54.81,1001.05,0,24508.29,6.45,148.73 °SE,0.48
1/31/2026 09:00 AM,26.48,27.11,52.68,1001.34,0,44355.15,6.73,134.96 °SE,0.95
1/31/2026 10:00 AM,27.41,27.83,50.04,1001.05,0,46332.18,4.7,129.69 °SE,0.14
1/31/2026 11:00 AM,27.97,28.39,49.61,1000.42,0,42949.22,4.22,116.74 °SE,0.18
1/31/2026 12:00 PM,27.44,27.86,50.04,999.87,0,26949.44,4,88.24 °E,0.01
1/31/2026 01:00 PM,27.54,27.99,50.43,999.03,0,30534.33,4,135.42 °SE,0
1/31/2026 02:00 PM,27.97,28.45,50.26,998.5,0,26033.15,4,138.43 °SE,0
1/31/2026 03:00 PM,27.12,27.73,52.91,998.31,0,16846.04,4,147.42 °SE,0
1/31/2026 04:00 PM,26.95,27.6,53.67,998.49,0,11673.97,4,194.32 °S,0.06
1/31/2026 05:00 PM,26.18,26.96,56.16,998.8,0,2507.93,4,153.8 °SE,0.02
1/31/2026 06:00 PM,25.06,26.03,61.81,999.44,0,15.2,6.52,252.83 °W,0
1/31/2026 07:00 PM,24.18,25.28,64.02,999.75,0,0,7.55,304.57 °NW,0.01
1/31/2026 08:00 PM,24.86,25.84,52.26,999.91,0,0,5,179.99 °S,0.01
1/31/2026 09:00 PM,24.5,25.58,55.02,1000.04,0,0,5.38,120.83 °SE,0
1/31/2026 10:00 PM,22.63,24.1,66.84,1000.3,0,0,7.62,83.6 °E,0
1/31/2026 11:00 PM,23.71,25.13,58.66,1000.08,0,0,6,181.33 °S,0.05
2/1/2026 12:00 AM,22.99,24.52,63.7,999.77,0,0,6.53,253.31 °W,0.07
2/1/2026 01:00 AM,21.87,23.58,69.18,999.29,0,0,7,284.68 °W,0
2/1/2026 02:00 AM,21.53,23.08,72.15,998.68,0,0,6.93,253.18 °W,0
2/1/2026 03:00 AM,22.61,24.14,66.35,998.28,0,0,6.1,222.19 °SW,0.14
2/1/2026 04:00 AM,23.41,24.82,62.8,998.54,0,0,6,122.18 °SE,0.28
2/1/2026 05:00 AM,23.97,25.24,59.53,998.92,0,0,5.3,157.87 °S,0.4
2/1/2026 06:00 AM,23.82,25.12,60.78,999.47,0,998.39,4.68,158.18 °S,0.07
2/1/2026 07:00 AM,24.26,25.43,59.68,999.98,0,6232.37,5.37,155.87 °SE,0.37
2/1/2026 08:00 AM,25.59,26.45,57.21,1000.58,0,22676.31,6.7,125.72 °SE,0.07
2/1/2026 09:00 AM,27.35,27.86,51.36,1000.76,0,46802.73,7.28,139.71 °SE,0.57
2/1/2026 10:00 AM,28.74,29.06,47.54,1000.38,0,54612.5,6.47,120.3 °SE,0.72
2/1/2026 11:00 AM,29.11,29.4,46.58,999.72,0,54054.3,4.82,123.34 °SE,0.59
2/1/2026 12:00 PM,29.13,29.63,48.25,998.95,0,53132.17,4.27,120.16 °SE,0.83
2/1/2026 01:00 PM,29.8,30.37,47.33,998.03,0,53252.87,4.08,100.48 °E,0.24
2/1/2026 02:00 PM,30.84,31.3,43.84,997.15,0,51983.04,3.2,124.24 °SE,0.24
2/1/2026 03:00 PM,29.72,30.14,46.42,997.33,0,30274.58,3.33,102.35 °E,0.37
2/1/2026 04:00 PM,27.91,28.58,52.55,997.79,0,11282.86,4,87.24 °E,1.46
2/1/2026 05:00 PM,26.91,27.69,55.97,998.6,0,1742.9,4.12,131.81 °SE,0.86
2/1/2026 06:00 PM,26.02,27.01,61.69,999.29,0,7.64,6.73,110.03 °E,0.39
2/1/2026 07:00 PM,25.43,26.39,61.2,999.93,0,0,6.28,131.22 °SE,0.61
2/1/2026 08:00 PM,25.03,26.02,62.2,1000.41,0,0,6.08,173.7 °S,0.2
2/1/2026 09:00 PM,25.15,26.13,60.75,1000.44,0,0,5.66,177.07 °S,0.83
2/1/2026 10:00 PM,25.13,26.1,60.35,1000.27,0,0,5.18,99.41 °E,2.9
2/1/2026 11:00 PM,25.01,25.99,59.39,1000.11,0,0,5,101.95 °E,2.01
2/2/2026 12:00 AM,24.48,25.58,60.38,999.81,0,0,5,136.4 °SE,1.61
2/2/2026 01:00 AM,23.97,25.16,63.19,999.29,0,0,5.58,125.75 °SE,1.22
2/2/2026 02:00 AM,23.46,24.73,65.3,999.03,0,0,6,129.87 °SE,0.8
2/2/2026 03:00 AM,22.96,24.27,67.68,998.8,0,0,6,117.9 °SE,0.52
2/2/2026 04:00 AM,23.08,24.38,67.06,998.84,0,0,6,158.44 °S,0.66
2/2/2026 05:00 AM,23.46,24.71,65.63,999.14,0,0,5.93,139.91 °SE,1.19
2/2/2026 06:00 AM,23.99,25.11,65.27,999.86,0,1295.43,4.52,145.91 °SE,0.98
2/2/2026 07:00 AM,24.57,25.58,65.69,1000.59,0,8314.56,5.6,132.7 °SE,0.63
2/2/2026 08:00 AM,25.92,26.89,61.24,1000.99,0,26434.51,6.78,132.95 °SE,1.11
2/2/2026 09:00 AM,27.06,28.02,58.01,1001.26,0,48892.05,6.75,134.31 °SE,1.82
2/2/2026 10:00 AM,27.73,28.64,55.56,1000.97,0,54612.5,6.83,129 °SE,2.48
2/2/2026 11:00 AM,28.27,29.3,55.18,1000.46,0,54612.5,5.47,149.26 °SE,2.94
2/2/2026 12:00 PM,29.61,30.87,52.54,999.75,0,54612.5,4.58,167.03 °S,1.43
2/2/2026 01:00 PM,29.4,30.52,52.3,998.99,0,47563.68,4.15,138 °SE,1.07
2/2/2026 02:00 PM,29.84,30.8,49.81,998.19,0,46195.91,3.66,125.06 °SE,1.82
2/2/2026 03:00 PM,28.64,29.53,52.81,998.11,0,23282.19,3.93,145.2 °SE,1.24
2/2/2026 04:00 PM,28.32,29.42,55.59,998.32,0,8178.46,3.77,171.2 °S,0.44
2/2/2026 05:00 PM,26.47,27.49,61.22,999.12,0,1853.51,4,231.62 °SW,0.19
2/2/2026 06:00 PM,25.32,26.33,65.22,999.88,0,24.08,8,182.92 °S,0.19
2/2/2026 07:00 PM,24.69,25.68,66.33,1000.53,0,0,8.23,146.81 °SE,0.07
2/2/2026 08:00 PM,24.36,25.39,65.76,1001.04,0,0,6.93,118.04 °SE,0.63
2/2/2026 09:00 PM,23.93,25.07,64.98,1001.53,0,0,6,150.67 °SE,0.43
2/2/2026 10:00 PM,23.37,24.57,67.06,1001.51,0,0,6.03,167.67 °S,0.18
2/2/2026 11:00 PM,23.4,24.64,66.2,1001.33,0,0,6,199.43 °S,0.53
2/3/2026 12:00 AM,23.38,24.61,66.6,1001.09,0,0,6,192.74 °S,0.19
2/3/2026 01:00 AM,22.88,24,70.22,1000.57,0,0,6,233.97 °SW,0.13
2/3/2026 02:00 AM,22.16,23.04,74.71,1000.29,0,0,6,236.93 °SW,0.15
2/3/2026 03:00 AM,21.72,22.44,77.13,1000.07,0,0,6,225.85 °SW,0.14
2/3/2026 04:00 AM,22.5,23.49,72.85,1000.09,0,0,6,183.73 °S,0.92
2/3/2026 05:00 AM,23.07,24.26,68.71,1000.42,0,0.01,5.92,118.94 °SE,1.19
2/3/2026 06:00 AM,22.84,24.13,68.47,1000.93,0,878.29,4.52,187.15 °S,0.36
2/3/2026 07:00 AM,23.83,24.99,65.24,1001.32,0,6918.35,5.58,158.11 °S,0.69
2/3/2026 08:00 AM,25.72,26.61,59.07,1001.88,0,26833.6,7.02,120.6 °SE,1.31
2/3/2026 09:00 AM,27.33,27.95,52.95,1001.71,0,49432.43,7.12,117.37 °SE,1.02
2/3/2026 10:00 AM,28.77,29.32,49.52,1001.32,0,54612.5,6.98,155.66 °SE,0.46
2/3/2026 11:00 AM,29.15,29.7,48.71,1000.74,0,54612.5,5.33,135.56 °SE,1.93
2/3/2026 12:00 PM,30.04,30.66,46.95,999.94,0,54612.5,4.46,156.44 °SE,1.23
2/3/2026 01:00 PM,30.45,30.76,43.82,999.07,0,54612.5,4,156.89 °SE,1.23
2/3/2026 02:00 PM,30.36,30.16,40.3,998.3,0,52712.99,3.17,141.2 °SE,1
2/3/2026 03:00 PM,30.07,29.55,37.92,998,0,34779.15,3,156 °SE,0.59
2/3/2026 04:00 PM,28.67,28.34,40.81,998.2,0,5975.1,3.65,155.09 °SE,0.34
2/3/2026 05:00 PM,26.9,27.21,48.01,998.5,0.11,2378.96,4,177.57 °S,0.28
2/3/2026 06:00 PM,25.18,26.06,53.52,998.93,0,27.26,5.45,171.22 °S,0.01
2/3/2026 07:00 PM,24.21,25.46,56.2,999.66,0,0,6,183.93 °S,0.04
2/3/2026 08:00 PM,24.03,25.37,55,1000.34,0,0,6,144.41 °SE,0.21
2/3/2026 09:00 PM,24.04,25.31,58.89,1000.53,0,0,6.35,180.68 °S,0.25
2/3/2026 10:00 PM,23.73,25.05,61.56,1000.51,0,0,7.1,145.27 °SE,0.13
2/3/2026 11:00 PM,23.34,24.69,64.7,1000.15,0,0,7.66,141.13 °SE,0.2
2/4/2026 12:00 AM,23.37,24.72,64.45,999.84,0,0,6.42,115.14 °SE,0.44
2/4/2026 01:00 AM,22.92,24.33,66.44,999.43,0,0,6,148.89 °SE,1.25
2/4/2026 02:00 AM,22.65,24.11,67.45,998.94,0,0,6,135.56 °SE,0.46
2/4/2026 03:00 AM,21.41,22.87,73.17,998.84,0,0,6,242.32 °SW,0
2/4/2026 04:00 AM,21.3,22.72,73.89,999,0,0,6,177.04 °S,0.18
2/4/2026 05:00 AM,21.48,22.66,75.02,999.33,0,0,6,195.32 °S,0.1
2/4/2026 06:00 AM,21.67,22.23,78.26,999.83,0,846.93,4.62,208.59 °SW,0.03
2/4/2026 07:00 AM,21.46,21.62,81.03,1000.51,0,4205.1,5.5,238.9 °SW,0
2/4/2026 08:00 AM,23.8,24.41,73.47,1000.95,0,21448.08,7.35,193.8 °S,0.24
2/4/2026 09:00 AM,25.54,26.62,68.48,1001.1,0,46165.36,8.2,128.34 °SE,1.35
2/4/2026 10:00 AM,27.66,29.04,60.95,1000.48,0,53190.93,4.2,172.91 °S,1.13
2/4/2026 11:00 AM,27.75,29.14,60.66,999.81,0,54612.5,6.67,160.44 °S,2.19
2/4/2026 12:00 PM,29.09,30.35,54.31,998.72,0,51468.08,5.45,171.74 °S,2.21
2/4/2026 01:00 PM,29.68,30.85,51.74,997.86,0.11,54612.5,4.28,147.21 °SE,2.19
2/4/2026 02:00 PM,29.92,31.01,50.42,997,0,49722.22,3.82,151.37 °SE,1.55
2/4/2026 03:00 PM,29.3,29.91,48.79,997.01,0,32707.46,3.2,132.93 °SE,1.24
2/4/2026 04:00 PM,28.37,28.81,49.31,997.43,0,7127.38,3.72,138.83 °SE,0.14
2/4/2026 05:00 PM,26.74,27.36,53.18,998.06,0,2400.66,4,202.34 °S,0.13
2/4/2026 06:00 PM,24.6,25.63,61.96,998.95,0.77,29.24,7.63,199.37 °S,0
2/4/2026 07:00 PM,23.74,24.92,65.22,999.65,0,0,8.92,178.6 °S,0
2/4/2026 08:00 PM,23.75,24.99,63.61,999.91,0,0,7.87,191.39 °S,0.03
2/4/2026 09:00 PM,23.19,24.6,64.08,1000.1,0,0,7.53,218.59 °SW,0.18
2/4/2026 10:00 PM,23.72,25.16,57.88,999.85,0,0,5.62,168.9 °S,0.12
2/4/2026 11:00 PM,23.54,25.03,59.03,999.6,0,0,5.39,166.43 °S,0.1
2/5/2026 12:00 AM,23.17,24.71,62.44,999.29,0,0,5.97,143.03 °SE,0.18
2/5/2026 01:00 AM,23.11,24.54,64.82,998.47,0,0,6,134.71 °SE,0.77
2/5/2026 02:00 AM,22.93,24.5,64.07,997.73,0,0,5.62,134.41 °SE,0.76
2/5/2026 03:00 AM,22.88,24.54,62.98,997.69,0,0,5.07,145.5 °SE,1.05
2/5/2026 04:00 AM,22.62,24.45,62.71,998.08,0,0,5,121.9 °SE,1.75
2/5/2026 05:00 AM,22.44,24.23,64.69,998.72,0,0,5.63,120.53 °SE,1.34
2/5/2026 06:00 AM,22.24,24.15,64.89,999.34,0,754.22,4.55,154.49 °SE,0.41
2/5/2026 07:00 AM,22.53,24.3,64.47,999.95,0,6600.97,5.44,165.63 °S,0.2
2/5/2026 08:00 AM,24.7,25.76,59.2,1000.21,0,23608.26,6.78,164.61 °S,0.35
2/5/2026 09:00 AM,26.77,27.43,53.71,1000.38,0,49905.94,6.88,171.09 °S,1.08
2/5/2026 10:00 AM,27.42,28.07,53.12,1000.09,0,53569.66,5.41,140.44 °SE,1.38
2/5/2026 11:00 AM,28.27,28.83,50.63,999.41,0,54346.62,5.22,140.8 °SE,1.46
2/5/2026 12:00 PM,28.46,29.09,50.89,998.45,0,54612.5,4.28,164.31 °S,1.11
2/5/2026 01:00 PM,28.87,29.45,49.55,997.37,0,54115.4,4,133.09 °SE,0.6
2/5/2026 02:00 PM,28.75,29.24,49.04,996.91,0,48805.4,3.88,143.36 °SE,0.8
2/5/2026 03:00 PM,28.32,28.74,49.17,996.95,0,31287.58,3.27,120.23 °SE,0.68
2/5/2026 04:00 PM,27.36,27.75,49.73,997.08,0,9911.97,4,154.2 °SE,0.63
2/5/2026 05:00 PM,26.39,26.95,51.57,997.38,0,4040.72,4,146.86 °SE,1.46
2/5/2026 06:00 PM,24.86,25.85,59.36,998.28,0,25.5,6.57,222.77 °SW,0.35
2/5/2026 07:00 PM,23.82,25.09,62.44,998.9,0,0,8.05,227.66 °SW,0.32
2/5/2026 08:00 PM,22.91,24.56,62.93,999.49,0,0,7.48,223.66 °SW,0
2/5/2026 09:00 PM,23.24,24.83,60.52,999.76,0,0,6.2,224.49 °SW,0.31
2/5/2026 10:00 PM,22.55,24.23,65.38,999.65,0,0,7.02,230.52 °SW,0.06
2/5/2026 11:00 PM,21.45,23.12,71.52,999.4,0,0,7.7,236.41 °SW,0
2/6/2026 12:00 AM,20.75,22.36,75.11,998.98,0,0,7.12,228.4 °SW,0
2/6/2026 01:00 AM,21.25,22.9,72.71,998.17,0,0,6.7,231.09 °SW,0.3
2/6/2026 02:00 AM,21.64,23.27,71.01,997.85,0,0,6,239.37 °SW,0.41
2/6/2026 03:00 AM,20.77,22.49,74.32,997.74,0,0,6,266 °W,0.02
2/6/2026 04:00 AM,21.63,23.44,69.68,997.81,0,0,6,204.42 °SW,0.34
2/6/2026 05:00 AM,22.13,23.8,68.12,998.02,0,0,6,217.02 °SW,0.36
2/6/2026 06:00 AM,21.37,23.11,71.54,998.71,0.11,1026.97,4.67,262.39 °W,0.14
2/6/2026 07:00 AM,22.98,24.39,66.06,998.67,0,9260.45,5.6,215.29 °SW,0.94
2/6/2026 08:00 AM,25.01,25.98,59.6,998.8,0,25317.5,7.57,214.36 °SW,0.85
2/6/2026 09:00 AM,27.34,27.86,51.46,998.86,0,45284.04,7.57,232.16 °SW,0.8
2/6/2026 10:00 AM,28.02,28.45,49.7,998.14,0,53029.93,5.42,169.2 °S,1.07
2/6/2026 11:00 AM,28.03,28.57,50.89,997.31,0,49403.89,4.22,157.87 °S,0.8
2/6/2026 12:00 PM,28.6,29.06,49.18,996.32,0,42772.9,4.22,185.95 °S,0.88
2/6/2026 01:00 PM,28.92,29.43,48.81,995.49,0,42947.47,4.02,216.25 °SW,0.36
2/6/2026 02:00 PM,28.33,28.86,50.31,995.1,0,27892.28,3.97,236.55 °SW,0.17
2/6/2026 03:00 PM,28.33,28.88,50.51,994.89,0,21470.3,3.83,233.18 °SW,0.43
2/6/2026 04:00 PM,26.91,27.56,53.65,995.48,0.22,6886.72,4,140.71 °SE,0.05
2/6/2026 05:00 PM,25.97,26.88,60.48,995.79,0,2236.87,4.07,237.59 °SW,0
2/6/2026 06:00 PM,25.09,26.08,64.25,996.25,0.22,16.11,8.05,243.81 °SW,0.02
2/6/2026 07:00 PM,24.4,25.31,68.98,996.99,0,0,9.9,269.18 °W,0
2/6/2026 08:00 PM,24.13,25.11,67.76,997.55,0,0,8.45,264.77 °W,0
2/6/2026 09:00 PM,24.01,25.07,66.75,997.82,0,0,7.57,251.65 °W,0.02
2/6/2026 10:00 PM,23.43,24.38,70.53,997.69,0,0,7.62,263.36 °W,0.07
2/6/2026 11:00 PM,22.93,23.71,73.92,997.29,0,0,7.02,249.64 °W,0
2/7/2026 12:00 AM,22.93,23.8,72.94,996.23,0,0,7,275 °W,0
2/7/2026 01:00 AM,23.46,24.49,69.25,995.59,0,0,6.43,115.38 °SE,0.77
2/7/2026 02:00 AM,24.27,25.33,65,995.61,0,0,6,115.17 °SE,1.92
2/7/2026 03:00 AM,24.54,25.58,63.81,995.64,0,0,6,180.88 °S,0.85
2/7/2026 04:00 AM,24.25,25.26,66.68,995.75,0,0,6.72,203.3 °SW,0.52
2/7/2026 05:00 AM,23.92,24.79,71.1,996.14,0,0,7,224.74 °SW,0.41
2/7/2026 06:00 AM,22.75,23.11,77.91,996.51,0,854.74,5.18,272.66 °W,0
2/7/2026 07:00 AM,23.55,24.19,74.52,996.77,0,5400.36,5.43,268.36 °W,0
2/7/2026 08:00 AM,26.06,27.1,63.2,997.2,0,15732.81,6.81,268.53 °W,0
2/7/2026 09:00 AM,28.3,29.35,55.32,997.21,0,36494.03,6,248.55 °W,0.09
2/7/2026 10:00 AM,29.24,30.37,52.87,996.99,0,38606.37,5.32,234.25 °SW,0.11
2/7/2026 11:00 AM,29.39,30.79,54.19,996.19,0,37758.18,4.7,231.47 °SW,0.15
2/7/2026 12:00 PM,28.48,30.11,61.39,995.62,0.66,24311.42,3.18,202.21 °S,0.11
2/7/2026 01:00 PM,25.2,26.15,84.09,995.02,0.33,18924.94,2.1,261.09 °W,0
2/7/2026 02:00 PM,25.58,26.94,84.92,994.18,0.11,20824.76,3.35,271.96 °W,0
2/7/2026 03:00 PM,25.91,27.72,86.57,993.78,0,16469.7,2.93,244.91 °SW,0
2/7/2026 04:00 PM,25.84,27.53,85.29,994.15,0,9175.98,1.6,268.03 °W,0
2/7/2026 05:00 PM,24.9,25.44,89.49,994.7,0,1707.84,0.95,272.68 °W,0
2/7/2026 06:00 PM,24.15,23.66,92.7,995.29,0,13.53,1.8,271.89 °W,0
2/7/2026 07:00 PM,24.44,24.63,83.54,995.97,0,0,2,224.94 °SW,0.01
2/7/2026 08:00 PM,24.41,24.86,80.62,996.56,0,0,2.05,244.14 °SW,0
2/7/2026 09:00 PM,23.81,23.61,85.8,996.96,0,0,2.9,262.35 °W,0
2/7/2026 10:00 PM,24.59,25.28,78.13,996.84,0,0,2.02,237 °SW,0
2/7/2026 11:00 PM,24.47,25.14,77.53,996.21,0,0,2,246.24 °SW,0.1
2/8/2026 12:00 AM,24.33,24.97,77.08,995.94,0,0,2,245.29 °SW,0.01
2/8/2026 01:00 AM,24.41,25.13,75.59,995.45,0,0,2,163.96 °S,0
2/8/2026 02:00 AM,24.29,24.99,75.06,995.14,0,0,2,208.17 °SW,0.1
2/8/2026 03:00 AM,24.13,24.84,74.24,994.89,0,0,2,247.31 °SW,0.12
2/8/2026 04:00 AM,23.58,24.05,77.13,995.17,0,0,2,253.38 °W,0.01
2/8/2026 05:00 AM,24.07,24.85,72.94,995.9,0,0,2,204.74 °SW,0.3
2/8/2026 06:00 AM,24.44,25.33,71.03,996.71,0,256.03,2,163.03 °S,0.89
2/8/2026 07:00 AM,24,24.75,73.29,997.96,0,2152.43,2,194.46 °S,0.21
2/8/2026 08:00 AM,24.44,25.31,71.68,998.51,0,5234.42,3.32,149.06 °SE,0.52
2/8/2026 09:00 AM,24.35,25.08,74.86,998.8,0.11,12168.8,6.16,171.6 °S,0.56
2/8/2026 10:00 AM,25.03,26,72.57,998.27,0,16102.69,7.23,187.87 °S,0.3
2/8/2026 11:00 AM,25.5,26.62,70.64,997.41,0,20133.33,8.28,148.97 °SE,1.28
2/8/2026 12:00 PM,25.29,26.34,72.49,996.63,0,20250.46,7.15,155.6 °SE,0.98
2/8/2026 01:00 PM,25.33,26.39,71.78,995.69,0,20949.07,7.45,186.97 °S,0.38
2/8/2026 02:00 PM,26.31,27.54,65.86,995,0,33879.31,3.75,174.78 °S,0.78
2/8/2026 03:00 PM,26.71,27.95,63.57,994.9,0,18533.74,4.68,215.81 °SW,0.46
2/8/2026 04:00 PM,26.01,27.15,65.69,995.27,0,7562.6,2.42,229.27 °SW,0.22
2/8/2026 05:00 PM,25.58,26.64,66.22,996.31,0,1527.74,1.32,203.75 °SW,0.12
2/8/2026 06:00 PM,25,26,67.08,996.69,0,13.31,2,226.66 °SW,0.08
2/8/2026 07:00 PM,24.89,25.88,66.92,997.64,0,0,2.35,203.11 °SW,0.13
2/8/2026 08:00 PM,24.82,25.82,66.62,997.92,0,0,3,211.97 °SW,0.36
2/8/2026 09:00 PM,24.52,25.53,66.11,997.85,0,0,3,209.47 °SW,0.44
2/8/2026 10:00 PM,24.45,25.47,65.89,997.85,0,0,3,181.78 °S,1.8
2/8/2026 11:00 PM,24.33,25.37,65.82,997.89,0,0,3,192.95 °S,1.49
2/9/2026 12:00 AM,23.91,25.01,66.19,997.68,0,0,3,216.51 °SW,0.95
2/9/2026 01:00 AM,23.53,24.71,66.5,996.73,0,0,3,166.85 °S,1.2
2/9/2026 02:00 AM,23.51,24.76,65.45,995.56,0,0,3.82,124.89 °SE,4.65
2/9/2026 03:00 AM,23.72,25.04,61.81,995.39,0,0,4,189.74 °S,2.41
2/9/2026 04:00 AM,23.67,25.02,61.7,995.99,0,0,3.92,171.65 °S,2.34
2/9/2026 05:00 AM,23.51,24.92,61.86,996.81,0,0,4,163.65 °S,2.25
2/9/2026 06:00 AM,23.1,24.6,63.74,997.62,0,1215.37,3.93,198.67 °S,0.49
2/9/2026 07:00 AM,23.25,24.7,63.42,998.09,0,6576.06,5.13,149.59 °SE,2.35
2/9/2026 08:00 AM,23.97,25.21,61.43,998.82,0,21164.01,7.77,144.26 °SE,1.47
2/9/2026 09:00 AM,26.3,27.03,54.88,999.04,0,48797.32,1.89,142.69 °SE,1.35
2/9/2026 10:00 AM,27.03,27.65,53.12,998.65,0,50519.86,2.43,188.85 °S,0.87
2/9/2026 11:00 AM,27.09,27.62,51.76,998.09,0,52527.51,2.28,148.28 °SE,2.41
2/9/2026 12:00 PM,27.81,28.24,49.9,997.25,0,54453,3.85,142.29 °SE,1.55
2/9/2026 01:00 PM,28.28,28.62,48.36,996.47,0,54612.5,7.87,127.13 °SE,2.34
2/9/2026 02:00 PM,28.67,29.02,47.95,995.82,0,52131.62,4.92,163.03 °S,1.73
2/9/2026 03:00 PM,27.34,27.93,52.53,995.88,0,29912.02,4,156.91 °SE,1.27
2/9/2026 04:00 PM,26.68,27.4,55.05,996.26,0,15323.43,4,167.3 °S,0.67
2/9/2026 05:00 PM,25.18,26.14,59.62,997.2,0,2237.01,4,184.35 °S,0.65
2/9/2026 06:00 PM,24.43,25.52,62.48,998.07,0,16.26,5.35,162.68 °S,2.24
2/9/2026 07:00 PM,24.04,25.19,63.68,998.84,0,0,5.32,142.13 °SE,2.45
2/9/2026 08:00 PM,23.83,25.06,63.39,999.58,0,0,5,169.71 °S,1.76
2/9/2026 09:00 PM,23.66,24.94,63.46,999.82,0,0,5,172.51 °S,0.73
2/9/2026 10:00 PM,23.67,24.94,63.51,999.89,0,0,5,154.79 °SE,0.95
2/9/2026 11:00 PM,22.81,24.21,67.27,999.8,0,0,5,209.15 °SW,0.26
2/10/2026 12:00 AM,22.38,23.87,68.6,999.38,0,0,5,173.29 °S,0.75
2/10/2026 01:00 AM,22.43,23.94,68.14,998.91,0,0,5,204.77 °SW,1.01
2/10/2026 02:00 AM,22.65,24.16,66.85,998.44,0,0,5,155.67 °SE,2.15
2/10/2026 03:00 AM,22.67,24.21,66.32,998.46,0,0,5,175.04 °S,1.35
2/10/2026 04:00 AM,22.84,24.35,65.61,998.69,0,0,4.98,167.46 °S,1.05
2/10/2026 05:00 AM,23.03,24.5,64.77,999.11,0,0,4.88,170.08 °S,2.07
2/10/2026 06:00 AM,23.55,24.86,63.64,999.57,0.11,671.79,4.1,146.19 °SE,2.99
2/10/2026 07:00 AM,24,25.18,63,1000.24,0,8373.31,5.32,127.84 °SE,3.36
2/10/2026 08:00 AM,24.82,25.84,61.97,1000.15,0,22754.01,7.12,112.23 °E,3.82
2/10/2026 09:00 AM,25.55,26.49,60.33,1000.59,0,38453.9,7.02,115.4 °SE,4.95
2/10/2026 10:00 AM,26.26,27.18,59.28,1000.33,0,42724,6.22,143.32 °SE,2.68
2/10/2026 11:00 AM,27.22,28.15,57.05,999.54,0,52550.86,5.15,145.24 °SE,2.84
2/10/2026 12:00 PM,28.53,29.54,54.15,998.82,0,54612.5,1.22,142.77 °SE,2.96
2/10/2026 01:00 PM,29.51,30.68,52.23,998.28,0,54612.5,3.77,138.82 °SE,2.4
2/10/2026 02:00 PM,29.73,30.96,52.02,997.7,0,50041.47,4.88,172.29 °S,1.81
2/10/2026 03:00 PM,29.37,30.66,53.6,997.66,0.11,32491.84,3.6,201.9 °S,0.4
2/10/2026 04:00 PM,28.35,29.57,56.69,997.99,0,11849.19,3.82,187.49 °S,0.56
2/10/2026 05:00 PM,26.71,27.87,62.42,998.81,0,3376.14,3.45,203.63 °SW,0.69
2/10/2026 06:00 PM,25.41,26.45,67.38,999.86,0,46.04,6.8,195.62 °S,0.19
2/10/2026 07:00 PM,24.84,25.81,68.36,1000.55,0,0,7.38,189.57 °S,0.36
2/10/2026 08:00 PM,24.68,25.66,67.36,1001.14,0,0,6.05,190.35 °S,0.56
2/10/2026 09:00 PM,24.31,25.28,68.34,1001.19,0,0,6,180.59 °S,0.5
2/10/2026 10:00 PM,23.58,24.45,71.51,1000.99,0,0,6,205.56 °SW,0.24
2/10/2026 11:00 PM,22.79,23.54,74.45,1000.76,0,0,6,223.94 °SW,0.06
2/11/2026 12:00 AM,23.15,24.04,72.31,1000.2,0,0,5.6,167.54 °S,0.29
2/11/2026 01:00 AM,23.02,23.91,72.52,999.71,0,0,5,153.3 °SE,0.29
2/11/2026 02:00 AM,22.58,23.34,74.85,999.43,0,0,5,172.99 °S,0.1
2/11/2026 03:00 AM,22.18,22.81,76.78,999.09,0,0,5,242.63 °SW,0.08
2/11/2026 04:00 AM,22.94,23.76,73.45,999.13,0,0,5,--,0.22
2/11/2026 05:00 AM,23.17,24.09,71.77,999.57,0,0.01,5,195.94 °S,0.58
2/11/2026 06:00 AM,23.4,24.35,70.76,1000.34,0,1202.15,4.15,145.82 °SE,0.34
2/11/2026 07:00 AM,24.62,25.61,66.8,1001.13,0,9718.01,5.51,128.33 °SE,0.67
2/11/2026 08:00 AM,25.74,26.76,63.34,1001.59,0,19348.55,7.25,126.57 °SE,1.68
2/11/2026 09:00 AM,27.04,28.2,60.87,1001.83,0,35215.08,8.6,157.28 °SE,1.97
2/11/2026 10:00 AM,27.36,28.59,60.52,1001.48,0,29282.33,5.87,153.47 °SE,0.99
2/11/2026 11:00 AM,28.62,30.03,57.13,1000.79,0,48700.58,4.92,126.82 °SE,2.19
2/11/2026 12:00 PM,29.09,30.62,56.17,999.97,0,46435.8,5.25,154.76 °SE,1.1
2/11/2026 01:00 PM,29.54,31.29,55.91,999.03,0,37499.05,4.55,230.89 °SW,0.32
2/11/2026 02:00 PM,31.14,33.2,51.67,998.31,0,48253.35,5.31,216.56 °SW,0.9
2/11/2026 03:00 PM,31.41,34.4,54.86,998.03,0,35517.54,3.28,264.84 °W,0.17
2/11/2026 04:00 PM,29.08,31.6,62.78,998.15,0,9677.62,3,250.73 °W,0.01
2/11/2026 05:00 PM,26.77,28.5,70.71,998.56,0,3327.54,2.78,274.85 °W,0
2/11/2026 06:00 PM,24.58,25.06,82.72,998.73,0,41.35,7.87,175.23 °S,0
2/11/2026 07:00 PM,23.34,22.63,88.04,999.17,0,0,7.8,17.08 °N,0
2/11/2026 08:00 PM,22.75,21.38,90.47,999.45,0,0,6.53,102.13 °E,0
2/11/2026 09:00 PM,22.4,20.93,90.1,999.61,0,0,6,12.45 °N,0
2/11/2026 10:00 PM,22.44,21,89.93,999.89,0,0,5.46,59.93 °NE,0
2/11/2026 11:00 PM,22.8,21.79,88.31,999.85,0,0,5,61.62 °NE,0
2/12/2026 12:00 AM,22.62,21.44,88.92,999.49,0,0,5,119.11 °SE,0
2/12/2026 01:00 AM,24.17,24.55,75.32,998.64,0,0,4.43,222.48 °SW,0.08
2/12/2026 02:00 AM,24.52,25.46,69.53,997.77,0,0,4.58,249.49 °W,0
2/12/2026 03:00 AM,24.74,25.7,68.65,997.48,0,0,5,214.2 °SW,0.13
2/12/2026 04:00 AM,24.88,25.86,68.51,997.64,0,0,5,190.44 °S,0.37
2/12/2026 05:00 AM,25.03,26.02,68.08,998.39,0,0,5,134.15 °SE,1.19
2/12/2026 06:00 AM,25.27,26.3,67.38,998.76,0.11,546.28,4.25,135.96 °SE,1.65
2/12/2026 07:00 AM,25.64,26.75,68.06,999.17,0,6287.78,5.08,154.82 °SE,0.61
2/12/2026 08:00 AM,27.68,29.15,61.74,999.39,0,29769.72,6.43,179.76 °S,0.57
2/12/2026 09:00 AM,28.75,30.33,57.89,999.7,0.11,40022.76,7.07,140.25 °SE,1.33
2/12/2026 10:00 AM,28.72,30.39,58.76,999.6,0,46292.09,6.95,168.57 °S,0.95
2/12/2026 11:00 AM,29.09,30.81,57.54,998.92,0,50888.64,6.65,144.65 °SE,2.11
2/12/2026 12:00 PM,30,31.75,54.24,998.04,0,49221.11,6.17,161.35 °S,2.05
2/12/2026 01:00 PM,29.86,31.67,55,997.14,0,39166.34,4.03,175.95 °S,0.65
2/12/2026 02:00 PM,29.8,31.48,54.57,996.37,0,33898.4,4,189.3 °S,0.54
2/12/2026 03:00 PM,29.29,30.89,55.91,996.14,0,29659.36,4,187.46 °S,0.58
2/12/2026 04:00 PM,28.48,30.05,59.08,996.31,0,12034.33,3.39,238.82 °SW,0.27
2/12/2026 05:00 PM,27.15,28.62,64.34,996.66,0,4409.88,3.03,225.37 °SW,0.15
2/12/2026 06:00 PM,26.17,27.36,65.89,997.13,0,30.83,6.73,234.91 °SW,0.1
2/12/2026 07:00 PM,26.01,27.1,64.69,997.73,0,0,7,184.72 °S,0.41
2/12/2026 08:00 PM,25.49,26.55,67.58,998.4,0,0,7,207.02 °SW,0.19
2/12/2026 09:00 PM,25.37,26.4,66.85,998.62,0,0,6.9,171.45 °S,0.56
2/12/2026 10:00 PM,25.01,26,67.48,998.67,0,0,6.35,220.9 °SW,0.1
2/12/2026 11:00 PM,24.8,25.77,68.21,998.23,0,0,6,233.68 °SW,0.1
2/13/2026 12:00 AM,23.97,24.78,71.74,997.65,0,0,6.7,222.6 °SW,0.04
2/13/2026 01:00 AM,23.34,24.06,73.91,997.12,0,0,6.95,232.54 °SW,0.07
2/13/2026 02:00 AM,22.33,22.56,79.36,996.71,0,0,6.47,249.92 °W,0
2/13/2026 03:00 AM,23.03,23.42,77.58,996.29,0,0,6,226.47 °SW,0.18
2/13/2026 04:00 AM,23.92,24.67,73.27,996.45,0,0,6,212.87 °SW,0.45
2/13/2026 05:00 AM,24.36,25.24,71.12,996.93,0,0.01,6,211.37 °SW,0.8
2/13/2026 06:00 AM,24.25,25.11,71.44,997.52,0,1069.39,4.48,192.88 °S,0.43
2/13/2026 07:00 AM,25.22,26.2,66.77,997.79,0,7866.97,5.58,188.17 °S,0.77
2/13/2026 08:00 AM,27.24,28.26,58.26,997.8,0,27688.57,8.13,156.37 °SE,2.05
2/13/2026 09:00 AM,28.97,30.18,54.35,998.04,0,51527.2,8.16,184.24 °S,1.24
2/13/2026 10:00 AM,29.49,30.7,52.55,997.88,0,54204.28,7.05,166.89 °S,1.43
2/13/2026 11:00 AM,29.7,30.94,52.1,997.13,0,53481.56,6.73,138.31 °SE,2.91
2/13/2026 12:00 PM,29.83,31.2,52.57,996.24,0,54612.5,6.53,116.84 °SE,4.06
2/13/2026 01:00 PM,30.08,31.75,53.46,995.28,0,48493.32,4.53,162.29 °S,1.42
2/13/2026 02:00 PM,30.1,31.8,53.6,994.9,0,47243.05,3.95,144.81 °SE,1.66
2/13/2026 03:00 PM,29.6,31.29,55.28,994.83,0,23491.98,3.89,214.74 °SW,0.73
2/13/2026 04:00 PM,28.64,30.38,59.58,995.04,0,9683.06,3.22,223.04 °SW,0.06
2/13/2026 05:00 PM,27.71,29.3,62.81,995.61,0,3113.97,3.03,206.8 °SW,0.28
2/13/2026 06:00 PM,26.64,28.09,67.32,996.12,0.22,45.46,7.47,239.73 °SW,0.05
2/13/2026 07:00 PM,26.32,27.72,68.96,996.99,0,0,8.72,221.78 °SW,0.25
2/13/2026 08:00 PM,26.32,27.64,67.53,997.85,0,0,7.8,217.69 °SW,0.28
2/13/2026 09:00 PM,25.64,26.81,71.06,998.2,0,0,7.82,134 °SE,0.82
2/13/2026 10:00 PM,25.54,26.68,71.45,998.15,0,0,7.03,247.5 °SW,0.1
2/13/2026 11:00 PM,24.76,25.59,76.02,997.69,0,0,7,254.89 °W,0
2/14/2026 12:00 AM,25.41,26.51,72.43,996.97,0,0,6.5,212.89 °SW,0.28
2/14/2026 01:00 AM,25.45,26.58,72.46,996.36,0,0,6,192.63 °S,0.23
2/14/2026 02:00 AM,25.5,26.63,71.81,995.64,0,0,6,191.71 °S,0.46
2/14/2026 03:00 AM,25.75,26.95,70.42,995.31,0,0,6,177.78 °S,1.27
2/14/2026 04:00 AM,25.65,26.82,70.95,995.39,0,0,6,174.7 °S,0.68
2/14/2026 05:00 AM,25.55,26.71,72.59,995.72,0,0,6,174.25 °S,0.3
2/14/2026 06:00 AM,25.35,26.45,74.21,996.34,0,985.52,4.49,219.09 °SW,0.08
2/14/2026 07:00 AM,26.1,27.52,71.95,996.91,0,7833.67,5.4,183.76 °S,0.37
2/14/2026 08:00 AM,27.29,29.22,68.6,997.7,0,19362.5,7.52,192.36 °S,0.36
2/14/2026 09:00 AM,28.73,31.28,64.68,998.27,0,38056.53,4.78,228.72 °SW,0.35
2/14/2026 10:00 AM,27.84,30.17,68.77,998.34,0,23769,3.8,237.34 °SW,0.09
2/14/2026 11:00 AM,25.81,27.18,77.4,997.77,0,11022.42,2.4,171.3 °S,0.52
2/14/2026 12:00 PM,25.16,26.14,82.75,997.01,0.66,21742.03,4.1,186.49 °S,0.31
2/14/2026 01:00 PM,26.8,28.98,77.07,995.75,0.11,49039.93,2.5,164.65 °S,1.02
2/14/2026 02:00 PM,27.84,30.14,68.21,995.3,0,39749.28,3.7,130.64 °SE,2.4
2/14/2026 03:00 PM,27.39,29.54,69.98,995.43,0,22340.82,4.82,156.22 °SE,1.31
2/14/2026 04:00 PM,27.17,29.28,71.48,995.7,0,10543.75,2.67,228.21 °SW,0.73
2/14/2026 05:00 PM,27.14,29.1,70.09,995.82,0,5492.33,1.35,184.12 °S,0.82
2/14/2026 06:00 PM,25.82,27.2,75.86,996.68,0,26.27,2.57,250.62 °W,0
2/14/2026 07:00 PM,25.45,26.62,77.33,997.52,0,0,3,248.95 °W,0.15
2/14/2026 08:00 PM,25.13,26.09,78.8,998.31,0,0,3.88,199.55 °S,0
2/14/2026 09:00 PM,24.92,25.76,79.44,998.44,0,0,4,156.06 °SE,0.07
2/14/2026 10:00 PM,24.98,25.86,79.01,998.81,0,0,4,158.2 °S,0.02
2/14/2026 11:00 PM,24.92,25.73,80.11,998.52,0,0,3.93,186.15 °S,0.07
2/15/2026 12:00 AM,24.75,25.41,81.76,998.11,0,0,3.97,119.2 °SE,0.08
2/15/2026 01:00 AM,23.95,23.63,88.03,997.72,0,0,4,209.92 °SW,0.03
2/15/2026 02:00 AM,23.61,22.83,90.4,997.12,0,0,3.82,206.79 °SW,0.02
2/15/2026 03:00 AM,23.16,21.91,91.42,996.69,0,0,3,232.87 °SW,0.03
2/15/2026 04:00 AM,23.82,23.46,87.72,997.01,0,0,3,158.13 °S,0.13
2/15/2026 05:00 AM,23.4,22.39,90.88,997.42,0,0.01,3,230.28 °SW,0
2/15/2026 06:00 AM,23.12,21.54,93.42,997.89,0.11,949.54,3.08,138.11 °SE,0.04
2/15/2026 07:00 AM,23.6,22.56,92.36,998.44,0.11,7650.89,5.03,115.46 °SE,0.1
2/15/2026 08:00 AM,24.86,25.47,86.19,998.85,0,18159.29,8.53,109.03 °E,0.75
2/15/2026 09:00 AM,26.13,27.95,80.55,999.33,0,25790.71,3.47,154.29 °SE,1.05
2/15/2026 10:00 AM,27.58,30.32,73.84,999.08,0,29930.78,4.17,205.22 °SW,0.33
2/15/2026 11:00 AM,28.99,32.06,66.51,998.03,0,54135.9,0,160.26 °S,2
2/15/2026 12:00 PM,30.17,33.73,62.64,997.2,0,45211.18,3.03,176.4 °S,1.64
2/15/2026 01:00 PM,30.02,33.48,62.98,996.45,0,34915.86,4.13,170.56 °S,1.36
2/15/2026 02:00 PM,29.56,32.8,64.25,996.04,0,29978.86,3.8,182.48 °S,1.08
2/15/2026 03:00 PM,29.67,32.93,63.74,995.64,0,32833.71,5.5,176.56 °S,1.29
2/15/2026 04:00 PM,29.9,33.2,62.78,995.66,0,13114.92,3.34,160.7 °S,1.1
2/15/2026 05:00 PM,28.04,30.59,68.9,995.97,0,3094.94,2.6,175.32 °S,0.52
2/15/2026 06:00 PM,27.1,29.24,72.39,996.62,0,23,4.62,157.25 °SE,0.65
2/15/2026 07:00 PM,26.49,28.28,74.26,997.15,0,0,5,160.57 °S,0.98
2/15/2026 08:00 PM,26.23,27.86,74.73,997.78,0,0,5,155.09 °SE,0.57
2/15/2026 09:00 PM,25.08,25.89,82.66,998.06,0,0,5,--,0
2/15/2026 10:00 PM,24.02,23.65,89.8,997.9,0,0,4.48,230.74 °SW,0.01
2/15/2026 11:00 PM,24.24,24.33,86.11,997.55,0,0,4,142.81 °SE,0.12
2/16/2026 12:00 AM,24.11,24.03,87.02,997.15,0,0,4,139.23 °SE,0.62
2/16/2026 01:00 AM,23.87,23.54,87.63,996.73,0,0,4,184.24 °S,0.14
2/16/2026 02:00 AM,23.71,23.2,88.49,996.38,0,0,4,212.11 °SW,0.04
2/16/2026 03:00 AM,23.43,22.58,89.76,996.05,0,0,4,229.24 °SW,0
2/16/2026 04:00 AM,23.55,22.83,89.48,996.33,0,0,4,220.56 °SW,0
2/16/2026 05:00 AM,23.33,22.04,92.62,997.07,0,0.01,4,216.48 °SW,0
2/16/2026 06:00 AM,23.23,21.79,93.08,997.71,0,931.43,3.28,240.57 °SW,0
2/16/2026 07:00 AM,23.85,23.28,89.82,998.13,0,6475.78,5.07,205.49 °SW,0.06
2/16/2026 08:00 AM,26.09,27.62,75.34,998.4,0,18776.63,6.67,174.14 °S,0.95
2/16/2026 09:00 AM,27.69,30.07,70.03,998.42,0,34000.25,0,214.14 °SW,0.4
2/16/2026 10:00 AM,28.75,31.36,64.99,998.03,0,44975.02,2.02,184.48 °S,1.71
2/16/2026 11:00 AM,30.67,33.56,57.42,997.27,0,47432.9,1.83,165.65 °S,2.22
2/16/2026 12:00 PM,30.91,33.76,56.21,996.62,0,45941.69,4.17,184.21 °S,1.43
2/16/2026 01:00 PM,31.61,34.72,54.49,995.84,0,54582.35,6.77,186.34 °S,2.47
2/16/2026 02:00 PM,31.83,35.11,54.3,995.06,0,53704.29,5.53,172.76 °S,1.37
2/16/2026 03:00 PM,31.93,35.36,54.5,994.63,0,30419.66,4.03,239.63 °SW,0.31
2/16/2026 04:00 PM,30.15,33.22,60.45,994.96,0,14248.11,3.76,225.56 °SW,0.31
2/16/2026 05:00 PM,28.64,31.33,66.11,995.38,0,4145.67,3,189.49 °S,0.24
2/16/2026 06:00 PM,27.1,29,69.58,996.03,0,29.43,6.02,179.48 °S,0.16
2/16/2026 07:00 PM,26.45,28.07,71.77,996.7,0,0,6.72,164.79 °S,0.18
2/16/2026 08:00 PM,25.6,26.83,75.63,997.22,0,0,6.13,143.74 °SE,0.1
2/16/2026 09:00 PM,25.05,25.98,77.93,997.63,0,0,6,187.52 °S,0.2
2/16/2026 10:00 PM,24.54,25.15,79.74,997.79,0,0,6,161.73 °S,0.06
2/16/2026 11:00 PM,24.07,24.36,81.57,997.81,0,0,5.4,195.03 °S,0.1
2/17/2026 12:00 AM,23.9,24.06,82.27,997.55,0,0,5,218.41 °SW,0.33
2/17/2026 01:00 AM,23.87,24.01,82.19,996.91,0,0,5,124.42 °SE,0.07
2/17/2026 02:00 AM,23.98,24.17,82.22,996.36,0,0,5,147.28 °SE,0.22
2/17/2026 03:00 AM,24.16,24.45,82.2,996.16,0,0,5,140.45 °SE,0.13
2/17/2026 04:00 AM,24.19,24.49,82.16,996.31,0,0,5,129.21 °SE,0.58
2/17/2026 05:00 AM,24.9,25.76,77.53,996.82,0,0.07,4.03,130.43 °SE,1.52
2/17/2026 06:00 AM,24.27,24.7,80.83,997.6,0,1041.38,3.68,167.97 °S,0.11
2/17/2026 07:00 AM,25.45,26.54,77.01,998.02,0,8405.12,5.53,163.34 °S,0.47
2/17/2026 08:00 AM,27.93,30.16,67.08,998.36,0,28753.76,9.47,167.86 °S,1.44
2/17/2026 09:00 AM,29.79,32.41,59.9,998.64,0,49397.71,9.68,155.27 °SE,1.62
2/17/2026 10:00 AM,30.8,33.7,56.83,998.28,0,53977.83,8.98,144.72 °SE,2.32
2/17/2026 11:00 AM,31.44,34.29,54.05,997.58,0,54264.47,0.88,160.16 °S,2.51
2/17/2026 12:00 PM,32.22,35.35,52.25,996.74,0,54326.89,1.4,120.39 °SE,2.19
2/17/2026 01:00 PM,31.88,35.37,54.88,995.82,0,54612.5,3.65,158.13 °S,1.77
2/17/2026 02:00 PM,31.98,35.47,54.5,995.08,0,48033.07,3.95,173.2 °S,1.03
2/17/2026 03:00 PM,31.2,34.38,56.37,994.7,0,37050.28,3.39,153.44 °SE,1.74
2/17/2026 04:00 PM,30.15,32.9,58.91,994.99,0,8173.9,3.67,167.06 °S,0.91
2/17/2026 05:00 PM,28.8,31.11,62.72,995.5,0,2788.78,3.07,183.75 °S,0.14
2/17/2026 06:00 PM,27.25,29.3,70.43,996.44,0,50.53,7.22,239.95 °SW,0
2/17/2026 07:00 PM,25.41,26.54,79.87,997.13,0,0,8.6,337.27 °NW,0
2/17/2026 08:00 PM,24.41,24.65,85.58,997.79,0,0,7.5,343.27 °N,0
2/17/2026 09:00 PM,24.02,23.81,87.71,998.11,0,0,7.31,260.27 °W,0
2/17/2026 10:00 PM,24.99,25.85,79.89,998.13,0,0,6.57,116.53 °SE,0
2/17/2026 11:00 PM,24.36,24.76,81.93,998.05,0,0,6,176.36 °S,0.11
2/18/2026 12:00 AM,24.45,25.2,75.35,997.79,0,0,5.83,172.45 °S,0.06
2/18/2026 01:00 AM,23.94,24.46,77.23,997.37,0,0,6,157.72 °S,0
2/18/2026 02:00 AM,22.91,22.71,82.66,996.89,0,0,6,163.46 °S,0
2/18/2026 03:00 AM,22.16,21.19,86.92,996.77,0,0,5.33,166.6 °S,0
2/18/2026 04:00 AM,22.94,22.65,83.08,997.1,0,0,5,239.62 °SW,0.11
2/18/2026 05:00 AM,24.12,24.78,75.28,997.54,0,0.07,5,153.26 °SE,0.69
2/18/2026 06:00 AM,23.67,24.19,76.32,998.52,0,1061.21,4.13,182.05 °S,0.23
2/18/2026 07:00 AM,25.13,26.04,67.76,999.14,0,8583.08,5.63,158.32 °S,0.73
2/18/2026 08:00 AM,27.19,28.23,58.87,999.48,0,28452.84,7.92,128.21 °SE,1.56
2/18/2026 09:00 AM,28.41,29.6,56.02,999.65,0,50755.68,8.02,141.42 °SE,2.36
2/18/2026 10:00 AM,29.32,30.74,54.53,999.48,0,54011.67,7.43,125.11 °SE,2.53
2/18/2026 11:00 AM,30.51,32.15,51.75,998.85,0,54533.63,4.12,133.01 °SE,1.94
2/18/2026 12:00 PM,30.65,32.12,50.37,998.11,0,53624.37,5.18,152.78 °SE,1.96
2/18/2026 01:00 PM,30.76,32.26,50.15,997.18,0,50676.89,3.77,146.3 °SE,1.41
2/18/2026 02:00 PM,30.79,32.2,49.64,996.62,0,50115.94,4.11,152.39 °SE,2.09
2/18/2026 03:00 PM,30.04,31.36,51.51,996.99,0,35392.29,3.72,140.32 °SE,1.76
2/18/2026 04:00 PM,28.47,29.48,54.28,997.53,0,8617.6,3.8,131.93 °SE,2.55
2/18/2026 05:00 PM,27.42,28.37,57.04,997.57,0,3758.11,4,166.29 °S,0.77
2/18/2026 06:00 PM,25.5,26.45,60.83,998.18,0,1.5,5.07,212.05 °SW,0.11
2/18/2026 07:00 PM,25.19,26.17,62.17,998.77,0,0,5,230.09 °SW,0.19
2/18/2026 08:00 PM,24.64,25.68,63.5,999.28,0,0,5,235.37 °SW,0.05
2/18/2026 09:00 PM,24.1,25.07,68.47,999.33,0,0,5.9,244.66 °SW,0.05
2/18/2026 10:00 PM,24.1,25.04,69.26,999.48,0,0,6,220.19 °SW,0.21
2/18/2026 11:00 PM,24.21,25.19,68.22,999.27,0,0,6.35,239.1 °SW,0.27
2/19/2026 12:00 AM,23.72,24.52,72.19,999.1,0,0,7.18,202 °S,0.57
2/19/2026 01:00 AM,23.6,24.38,72.9,998.7,0,0,7,200.49 °S,0.47
2/19/2026 02:00 AM,23.47,24.22,73.32,998.11,0,0,6.58,175.13 °S,1.57
2/19/2026 03:00 AM,23.67,24.71,68.37,997.99,0,0,6,184.43 °S,0.41
2/19/2026 04:00 AM,23.66,24.8,66.55,998.2,0,0,6,191.24 °S,1
2/19/2026 05:00 AM,23.42,24.54,68.16,998.65,0,0.07,6,159.73 °S,1.14
2/19/2026 06:00 AM,23.45,24.55,68.38,999.39,0,1710.06,4.45,138.51 °SE,0.79
2/19/2026 07:00 AM,24.25,25.3,65.39,1000,0,9727.47,5.51,159.64 °S,1.11
2/19/2026 08:00 AM,25.98,26.92,60.38,1000.31,0,27444.29,7.43,138.49 °SE,1.2
2/19/2026 09:00 AM,26.83,27.79,58.56,1000.6,0,45606.54,6.53,133.38 °SE,2.08
2/19/2026 10:00 AM,28.56,29.58,54.17,999.99,0,54575.6,6.72,150.08 °SE,1.36
2/19/2026 11:00 AM,28.37,29.41,54.95,999.25,0,51284.17,5.52,160.35 °S,2.18
2/19/2026 12:00 PM,29.53,30.58,51.43,998.41,0,54612.5,5.25,111.26 °E,2.34
2/19/2026 01:00 PM,29.67,30.63,50.4,997.63,0,54612.5,4.62,143.58 °SE,2.91
2/19/2026 02:00 PM,30.01,30.99,49.5,997.05,0,53427.28,3.98,134.51 °SE,1.86
2/19/2026 03:00 PM,30.13,30.91,47.84,997.08,0,40210.68,3.08,141.5 °SE,1.33
2/19/2026 04:00 PM,28.76,29.63,52.39,997.89,0,14653.47,3.87,157.34 °SE,0.58
2/19/2026 05:00 PM,27.21,28.27,59.14,998.8,0,4349.28,4,212.62 °SW,0.13
2/19/2026 06:00 PM,25.57,26.62,66.39,999.36,0,66.04,6.69,242.32 °SW,0
2/19/2026 07:00 PM,24.66,25.6,69.7,999.76,0,0,7.6,223.24 °SW,0
2/19/2026 08:00 PM,24.82,25.79,68.92,1000.12,0,0,7,199 °S,0.13
2/19/2026 09:00 PM,24.52,25.42,70.81,1000.41,0,0,7.12,237.73 °SW,0.05
2/19/2026 10:00 PM,24.35,25.22,71.16,1000.54,0,0,7.78,243.42 °SW,0.01
2/19/2026 11:00 PM,23.3,23.79,76.63,1000.4,0,0,7.98,263.32 °W,0
2/20/2026 12:00 AM,23.14,23.63,76.57,999.95,0,0,7.05,251.27 °W,0.02
2/20/2026 01:00 AM,23.21,23.74,76.25,999.44,0,0,7,244.4 °SW,0
2/20/2026 02:00 AM,23.82,24.61,72.46,998.88,0,0,6.52,243.21 °SW,0.11
2/20/2026 03:00 AM,23.97,24.83,71.37,998.57,0,0,6,218.19 °SW,0.17
2/20/2026 04:00 AM,23.82,24.64,72.24,998.57,0,0,6,207.67 °SW,0.12
2/20/2026 05:00 AM,23.75,24.54,72.59,998.85,0,0.07,6,212.85 °SW,0.37
2/20/2026 06:00 AM,23.92,24.78,71.36,999.48,0,1410.72,4.51,210.56 °SW,0.22
2/20/2026 07:00 AM,25.18,26.19,66.9,999.81,0,10748.46,5.83,182.87 °S,0.46
2/20/2026 08:00 AM,26.51,27.65,62.86,1000.17,0,24531.35,7.18,177.39 °S,0.71
2/20/2026 09:00 AM,27.18,28.44,61.49,1000.6,0,35805.47,6.45,158.81 °S,0.55
2/20/2026 10:00 AM,28.84,30.26,56.42,1000.18,0,53542.29,7.9,160.33 °S,0.68
2/20/2026 11:00 AM,30.26,31.79,51.96,999.38,0,54513.5,6.05,171.78 °S,0.34
2/20/2026 12:00 PM,30.15,31.65,52.24,998.65,0,51654.11,4.62,149.62 °SE,0.46
2/20/2026 01:00 PM,30.85,32.49,50.59,997.64,0,51231.75,4.45,162.91 °S,0.25
2/20/2026 02:00 PM,30.67,32.38,51.59,996.86,0,51045.39,3.78,149.41 °SE,0.45
2/20/2026 03:00 PM,30.65,32.27,51.22,996.24,0,38504.64,3,126.32 °SE,0.46
2/20/2026 04:00 PM,29.24,30.56,54.2,996.66,0,13720.81,3.97,135.05 °SE,0.59
2/20/2026 05:00 PM,28.12,29.54,59.55,997.23,0,5415.69,3.8,194.78 °S,0.19
2/20/2026 06:00 PM,26.06,27.46,72.69,997.93,0.55,28.97,8.85,300.57 °NW,0
2/20/2026 07:00 PM,24.73,25.48,78.19,998.39,0,0,9.68,287.9 °W,0
2/20/2026 08:00 PM,23.92,24.18,81.02,998.89,0,0,9,288.95 °W,0
2/20/2026 09:00 PM,24.05,24.44,79.87,998.89,0,0,8.84,212.45 °SW,0
2/20/2026 10:00 PM,23.52,23.5,82.53,998.81,0,0,7.98,240.64 °SW,0
2/20/2026 11:00 PM,23.68,23.83,81.31,998.48,0,0,7,176.31 °S,0.06
2/21/2026 12:00 AM,22.94,22.47,84.69,997.89,0,0,6.65,181.09 °S,0
2/21/2026 01:00 AM,22.11,21,87.62,997.37,0,0,6,265.39 °W,0
2/21/2026 02:00 AM,21.57,20.05,89.18,996.83,0,0,6,323.44 °NW,0
2/21/2026 03:00 AM,21.3,19.36,90.92,996.67,0,0,6,317.31 °NW,0
2/21/2026 04:00 AM,21.22,19.6,89.61,996.35,0,0,5.5,309.66 °NW,0
2/21/2026 05:00 AM,22.52,22.31,82.23,996.35,0,0.18,5,207.89 °SW,0.19
2/21/2026 06:00 AM,21.89,21.23,84.99,996.59,0,1157.78,4.23,202.64 °SW,0
2/21/2026 07:00 AM,23.38,23.47,80.08,996.83,0,7491.49,5.68,252.21 °W,0
2/21/2026 08:00 AM,26.94,28.42,66.06,996.86,0,30118.26,9.28,222.66 °SW,0.07
2/21/2026 09:00 AM,28.21,29.82,60.38,996.76,0,42784.01,7.93,180.29 °S,0.6
2/21/2026 10:00 AM,28.09,29.62,60.23,996.34,0,34579.15,4.65,182.44 °S,0.67
2/21/2026 11:00 AM,28.59,30.31,59.65,995.59,0,37659.3,4.82,176.37 °S,0.12
2/21/2026 12:00 PM,29.31,31.09,57.08,994.96,0,35888.44,4.92,207.33 °SW,0.19
2/21/2026 01:00 PM,28.72,30.54,59.76,994.16,0,29933.83,4,180.75 °S,0.06
2/21/2026 02:00 PM,28.16,29.87,61.51,993.44,0.11,23890.92,4,221.32 °SW,0.29
2/21/2026 03:00 PM,29.08,31.03,59.14,993.06,0.11,37693.99,3.79,201.9 °S,0.31
2/21/2026 04:00 PM,28.16,29.72,60.17,993.16,0,9637.53,3.8,135.12 °SE,0.93
2/21/2026 05:00 PM,26.85,28.25,65.18,993.72,0,3221.29,3.3,154.59 °SE,0.2
2/21/2026 06:00 PM,25.89,27.07,68.08,994.12,0,68.39,7.15,190.48 °S,0.16
2/21/2026 07:00 PM,25.62,26.68,66.77,994.4,0,0,7.89,177.76 °S,0.15
2/21/2026 08:00 PM,24.44,25.28,72.67,994.94,0,0,8.43,189.21 °S,0.07
2/21/2026 09:00 PM,24.05,24.71,75.27,995.38,0,0,8,227.23 °SW,0.01
2/21/2026 10:00 PM,23.69,24.17,77.04,995.63,0,0,7.93,283.73 °W,0.03
2/21/2026 11:00 PM,22.38,22.21,82.05,995.83,0,0,7.03,263.53 °W,0
2/22/2026 12:00 AM,22.01,21.74,82.85,995.63,0,0,6.87,266.39 °W,0
2/22/2026 01:00 AM,21.1,19.95,87.62,995.13,0,0,6,291.13 °W,0
2/22/2026 02:00 AM,20.8,19.33,89.08,994.82,0,0,6,155.7 °SE,0
2/22/2026 03:00 AM,20.21,17.73,92.95,994.74,0,0,5.65,32.39 °NE,0
2/22/2026 04:00 AM,19.85,16.67,95.26,994.9,0,0,5,12.75 °N,0
2/22/2026 05:00 AM,19.8,16.23,96.38,995.37,0,0.1,5,131.36 °SE,0
2/22/2026 06:00 AM,21.23,20.41,85.74,995.96,0,947.61,4.15,207.42 °SW,0.14
2/22/2026 07:00 AM,23.83,24.51,73.97,996.22,0,10012.31,6.03,222.76 °SW,0.07
2/22/2026 08:00 AM,27.34,28.7,62.26,996.35,0,30410.53,8.6,255.14 °W,0
2/22/2026 09:00 AM,29.48,30.98,54.52,996.17,0,50604.33,7.92,251.04 °W,0
2/22/2026 10:00 AM,30.7,31.72,47.6,995.48,0,54612.5,7.03,182.37 °S,0.62
2/22/2026 11:00 AM,31.47,32.1,43.3,994.64,0,54612.5,5.62,175.77 °S,0.76
2/22/2026 12:00 PM,32.07,32.75,41.95,993.84,0,54612.5,5.53,157.5 °SE,0.39
2/22/2026 01:00 PM,32.23,32.93,41.6,993.12,0,53696.67,4.75,173.48 °S,0.41
2/22/2026 02:00 PM,32.82,34.02,41.93,992.36,0,54217.51,3.1,197.17 °S,0.07
2/22/2026 03:00 PM,31.57,33.7,50.53,992.17,0,38147.55,3,243.2 °SW,0.01
2/22/2026 04:00 PM,29.67,31.73,57.39,992.6,0,10068.14,3.48,264.5 °W,0.01
2/22/2026 05:00 PM,27.68,29.57,65.59,993.06,0,3767.54,3.13,253.11 °W,0
2/22/2026 06:00 PM,25.87,27.17,73.14,993.8,0,46.73,1.92,160.37 °S,0.01
2/22/2026 07:00 PM,25.04,25.92,80.04,994.54,0,0,0,240.84 °SW,0
2/22/2026 08:00 PM,23.63,23.26,86.41,995.17,0,0,0,163.52 °S,0
2/22/2026 09:00 PM,22.64,21.43,89.2,995.9,0,0,8.8,186.91 °S,0
2/22/2026 10:00 PM,22.36,21.07,88.61,996.16,0,0,8.43,263.71 °W,0
2/22/2026 11:00 PM,23.23,23.07,82.93,996.04,0,0,7.68,194.33 °S,0
2/23/2026 12:00 AM,23.05,22.79,83.02,995.45,0,0,7,160.52 °S,0.15
2/23/2026 01:00 AM,23.07,23.13,80.78,994.86,0,0,6.02,147.15 °SE,1.28
2/23/2026 02:00 AM,23.09,23.54,77,994.31,0,0,6,151.4 °SE,0.43
2/23/2026 03:00 AM,23.17,23.68,76.45,994.19,0,0,6,117.36 °SE,0.19
2/23/2026 04:00 AM,22.45,22.71,79.03,994.36,0,0,6,135.16 °SE,0.08
2/23/2026 05:00 AM,22.37,22.83,77.59,994.66,0.11,0.24,6,194.14 °S,0.15
2/23/2026 06:00 AM,22.5,23.26,75,995.31,0,1386.97,4.44,231.12 °SW,0.14
2/23/2026 07:00 AM,25.06,26.03,63.44,995.83,0,10321.89,5.97,135.42 °SE,1.54
2/23/2026 08:00 AM,26.95,27.9,58.16,996.23,0,29058.8,7,139.58 °SE,0.97
2/23/2026 09:00 AM,28.43,29.52,55.2,996.31,0,51465.43,6.58,161.38 °S,0.61
2/23/2026 10:00 AM,29.75,30.76,50.46,996.12,0,54612.5,6.45,179.14 °S,0.56
2/23/2026 11:00 AM,30.5,31.64,49.01,995.49,0,54612.5,5.51,172.87 °S,0.95
2/23/2026 12:00 PM,31.19,32.62,48.4,994.34,0,54612.5,4.77,167.18 °S,1.05
2/23/2026 01:00 PM,31.94,33.45,46.37,993.05,0,54612.5,4.15,157.7 °S,1.24
2/23/2026 02:00 PM,31.86,33.27,46.2,992.34,0,54088.62,3.5,128.52 °SE,1.41
2/23/2026 03:00 PM,31.67,32.87,45.74,992.29,0,38756.14,3,143.05 °SE,0.86
2/23/2026 04:00 PM,30.63,31.71,48.34,992.79,0,9357.92,3.83,157.67 °S,0.16
2/23/2026 05:00 PM,29.01,30.02,52.82,993.33,0,3325.74,4,167.9 °S,0
2/23/2026 06:00 PM,27.51,28.51,57.26,993.88,0,76.33,5.58,153.76 °SE,0.05
2/23/2026 07:00 PM,26.51,27.52,60.61,994.79,0,0,7.22,237.63 °SW,0
2/23/2026 08:00 PM,25.7,26.65,61.29,995.47,0,0,7.26,226.78 °SW,0.02
2/23/2026 09:00 PM,25.7,26.65,61.18,995.91,0,0,7,155.62 °SE,0.33
2/23/2026 10:00 PM,25.11,26.11,64.24,995.97,0,0,7.88,184.55 °S,0.29
2/23/2026 11:00 PM,25.22,26.18,60.77,995.5,0,0,6.62,176.46 °S,0.43
2/24/2026 12:00 AM,23.68,24.53,70.61,994.73,0,0,5.7,222.18 °SW,0.05
2/24/2026 01:00 AM,23.38,24.17,72.52,994.32,0,0,9.63,224.49 °SW,0.04
2/24/2026 02:00 AM,24.18,25.03,71.6,994.3,0,0,8.83,197.18 °S,0.29
2/24/2026 03:00 AM,24.18,25.04,71.5,994.15,0,0,8,176.93 °S,0.03
2/24/2026 04:00 AM,22.84,23.56,74.62,994.45,0,0,8,246.34 °SW,0
2/24/2026 05:00 AM,23.24,23.84,75.47,995.04,0,0.39,7.82,228.02 °SW,0
2/24/2026 06:00 AM,23.6,24.14,76.19,995.66,0,1625.3,5.05,218.02 °SW,0.02
2/24/2026 07:00 AM,25.46,26.56,71.7,996.18,0,10356.07,6.28,225.31 °SW,0.04
2/24/2026 08:00 AM,26.82,28.34,66.94,996.96,0,22975.04,6.48,167.09 °S,0.23
2/24/2026 09:00 AM,28.78,30.84,61.21,997.32,0,48642.07,5.7,155.28 °SE,1.04
2/24/2026 10:00 AM,28.79,31.05,62.44,997.35,0,52070.67,6.72,141.26 °SE,1.28
2/24/2026 11:00 AM,30.04,33.01,60.5,996.12,0,46816.29,5.17,206.79 °SW,0.27
2/24/2026 12:00 PM,31.81,34.94,53.81,995.24,0,50676.48,2.38,176.57 °S,0.68
2/24/2026 01:00 PM,31.09,33.85,55.05,994.61,0,42923.36,4.42,142.95 °SE,0.75
2/24/2026 02:00 PM,31.85,35.27,54.79,993.98,0,34285.07,3.85,209.31 °SW,0
2/24/2026 03:00 PM,29.88,32.91,61.57,994.2,0,13693.36,3.68,196.41 °S,0
2/24/2026 04:00 PM,28.49,31.17,66.84,994.48,0,5946.62,3,161.36 °S,0.06
2/24/2026 05:00 PM,27.54,29.77,69.77,994.85,0,2052.73,2.95,192.45 °S,0.1
2/24/2026 06:00 PM,26.87,28.74,71.45,995.1,0.11,46.83,7.32,181.15 °S,0.18
2/24/2026 07:00 PM,26.53,28.15,70.68,995.79,0,0,8,214.42 °SW,0
2/24/2026 08:00 PM,25.99,27.32,71.12,996.39,0,0,8,238.08 °SW,0.03
2/24/2026 09:00 PM,26.17,27.55,70.55,996.89,0,0,7.66,182.12 °S,0.14
2/24/2026 10:00 PM,25.48,26.63,75.33,997.25,0,0,8,127.62 °SE,0
2/24/2026 11:00 PM,24.35,24.75,81.71,997.39,0,0,8,168.17 °S,0
2/25/2026 12:00 AM,23.73,23.69,83.66,997.06,0,0,7.32,211.39 °SW,0
2/25/2026 01:00 AM,23.54,23.34,84.33,996.42,0,0,7,77.83 °E,0
2/25/2026 02:00 AM,22.64,21.36,89.5,995.84,0,0,6.45,91.76 °E,0
2/25/2026 03:00 AM,22.11,20.08,92.32,995.55,0,0,6,27.89 °NE,0
2/25/2026 04:00 AM,21.8,19.47,93.13,995.43,0,0,6,26.9 °NE,0
2/25/2026 05:00 AM,21.59,18.98,93.99,995.77,0,0,5.31,45.05 °NE,0
4/1/2026 02:00 AM,19.97,17.89,91.85,996.6,4.18,0,6.5,211.8 °SW,0
4/1/2026 03:00 AM,20.06,18.22,90.97,996.43,0,0,6.4,211.81 °SW,0
4/1/2026 04:00 AM,19.6,16.96,93.83,996.66,0,0,6,211.8 °SW,0
4/1/2026 05:00 AM,19.18,16.25,95.06,997.16,0,59.83,5.15,211.79 °SW,0
4/1/2026 06:00 AM,19.58,16.82,94.24,997.8,0,2788.96,4.95,211.81 °SW,0
4/1/2026 07:00 AM,23.6,23.89,77.4,998.43,0,9030.25,6.1,211.82 °SW,0
4/1/2026 08:00 AM,28.14,29.71,60.61,998.83,0,30021.94,6.23,211.64 °SW,0
4/1/2026 09:00 AM,32.78,35.39,48.35,998.65,0,53765.62,5.73,213.54 °SW,0.08
4/1/2026 10:00 AM,33.84,36.1,43.59,998.46,0,54612.5,5,242.35 °SW,0.25
4/1/2026 11:00 AM,34.77,37.64,42.77,997.97,0,51806.67,4.15,238.2 °SW,0.3
4/1/2026 12:00 PM,33.99,37.33,46.7,997.22,0,47954.81,3.98,248.59 °W,0.14
4/1/2026 01:00 PM,34.32,38.2,47.37,996.36,0,54612.5,3.55,229.45 °SW,0.32
4/1/2026 02:00 PM,34.04,36.91,45.05,995.76,0,52173.93,3,227.87 °SW,0
4/1/2026 03:00 PM,33.86,36.07,43.35,995.21,0,33779.14,3,234.5 °SW,0.04
4/1/2026 04:00 PM,32.35,34.33,47.18,995.2,0,15789.89,3,212.2 °SW,0
4/1/2026 05:00 PM,29.88,31.79,55.75,995.56,0,4235.85,3.37,218.58 °SW,0
4/1/2026 06:00 PM,26.23,27.66,71.24,996.1,0,136.69,2.15,218.56 °SW,0
4/1/2026 07:00 PM,25.48,26.61,72.66,996.76,0,0,0,194.04 °S,0
4/1/2026 08:00 PM,25.29,26.36,73,997.47,0,0,0,175.72 °S,0
4/1/2026 09:00 PM,24.85,25.69,76.8,998.12,0,0,0,168.11 °S,0
4/1/2026 10:00 PM,23.52,23.71,79.94,998.29,0,0,4.45,167.25 °S,0.04
4/1/2026 11:00 PM,22.06,20.79,88.32,998.39,0,0,8.47,166.55 °S,0
4/2/2026 12:00 AM,21.53,20.56,86.71,998.14,0,0,8.32,166.55 °S,0
4/2/2026 01:00 AM,20.91,21.05,82.07,997.59,0,0,8.37,166.55 °S,0
4/2/2026 02:00 AM,20.82,20.85,82.8,997.17,0,0,8.11,164.72 °S,0.01
4/2/2026 03:00 AM,21.25,21.19,82.43,996.94,0,0,8,159.42 °S,0
4/2/2026 04:00 AM,20.92,19.61,88.47,997.01,0,0,7.02,159.15 °S,0
4/2/2026 05:00 AM,23.95,24.39,77.76,997.38,0,75.75,6.78,142.84 °SE,0.22
4/2/2026 06:00 AM,23.58,23.54,82.95,998.23,0,3393.24,5.28,132.86 °SE,0.01
4/2/2026 07:00 AM,25.54,26.72,77.52,998.84,0,10644.18,6.27,132.97 °SE,0
4/2/2026 08:00 AM,28.76,31.04,63.09,999.28,0,30350.41,6.11,129.33 °SE,0.24
4/2/2026 09:00 AM,30.21,31.95,53.44,999.37,0,53244.22,5.17,119 °SE,1.16
4/2/2026 10:00 AM,32.02,33.33,45.25,999.07,0,54612.5,5,98.33 °E,1.14
4/2/2026 11:00 AM,32.86,33.94,41.73,998.52,0,54612.5,4.18,104.96 °E,0.58
4/2/2026 12:00 PM,33.94,34.42,36.15,997.38,0,54103.1,4,103.76 °E,0.32
4/2/2026 01:00 PM,34.17,34.55,35.11,996.14,0,53496.01,3.26,97.75 °E,0.46
4/2/2026 02:00 PM,34.19,34.28,33.7,995.19,0,54238.36,3,109.95 °E,0.68
4/2/2026 03:00 PM,33.83,33.46,32.22,994.74,0,37413.94,3,87.75 °E,0.49
4/2/2026 04:00 PM,32.68,32.23,34.21,994.74,0,17633.36,3,95.92 °E,0.06
4/2/2026 05:00 PM,30.63,30.58,40.99,995.08,0,4389.26,3.47,105.03 °E,0.07
4/2/2026 06:00 PM,28.02,28.56,50.99,995.65,0,148.67,5.45,116.83 °SE,0
4/2/2026 07:00 PM,25.45,26.38,62.63,996.29,0,0,3.3,144.23 °SE,0
4/2/2026 08:00 PM,23.88,24.77,70.49,997.18,0,0,0,144.23 °SE,0
4/2/2026 09:00 PM,25.31,26.28,61.13,997.54,0,0,2.47,127.96 °SE,0.08
4/2/2026 10:00 PM,24.28,25.41,62.59,997.81,0,0,2.48,121.35 °SE,0
4/2/2026 11:00 PM,25.01,25.99,59.39,997.79,0,0,7.08,113.32 °SE,0
4/3/2026 12:00 AM,24.26,25.31,65.33,997.58,0,0,1.48,118.74 °SE,0
4/3/2026 01:00 AM,23.39,24.91,60.58,997.09,0,0,9.1,121.36 °SE,0
4/3/2026 02:00 AM,23.83,25.16,58.7,996.55,0,0,8.27,99.59 °E,0
4/3/2026 03:00 AM,23.27,24.13,72.4,996.49,0,0,2.15,113.33 °SE,0
4/3/2026 04:00 AM,22.7,23.27,76.26,996.74,0,0,9.98,122.03 °SE,0
4/3/2026 05:00 AM,22.27,22.78,77.49,997.22,0,89.08,7.4,118.26 °SE,0
4/3/2026 06:00 AM,22.63,23.04,77.47,997.73,0,2902.76,5.23,129.49 °SE,0
4/3/2026 07:00 AM,25.16,26.16,67.04,998.13,0,6724.22,5.48,132.31 °SE,0
4/3/2026 08:00 AM,28.34,29.04,52.47,998.33,0,31114.6,5.2,125.66 °SE,0.42
4/3/2026 09:00 AM,31.58,31.87,41.04,998.15,0,54348.79,4.37,106.86 °E,0.23
4/3/2026 10:00 AM,32.75,32.56,35.52,997.65,0,54612.5,4,95.68 °E,0.25
4/3/2026 11:00 AM,33.81,33.63,33.19,996.6,0,54612.5,4,107.21 °E,0.09
4/3/2026 12:00 PM,33.86,33.66,33.1,995.45,0,54612.5,3.35,101.4 °E,0.14
4/3/2026 01:00 PM,35.26,35.14,30.33,994.15,0,54612.5,3,121.01 °SE,0.03
4/3/2026 02:00 PM,36.03,36.36,30.59,993.27,0,54612.5,2.9,176.89 °S,0.06
4/4/2026 04:00 PM,31.7,33.67,49.39,993.29,0,12289.49,3,223.54 °SW,0.06
4/4/2026 05:00 PM,29.87,32.04,57.39,993.78,0,4502.75,3.67,247.2 °SW,0
4/4/2026 06:00 PM,25.83,27.12,75.2,994.41,0,144.15,2.58,252.41 °W,0
4/4/2026 07:00 PM,23.37,23.29,82.84,995.3,0,0,0,252.42 °W,0
4/4/2026 08:00 PM,21.73,20.2,89.34,995.84,0,0,7.1,252.42 °W,0
4/4/2026 09:00 PM,20.55,18.01,93.02,996.43,0,0,8.26,252.42 °W,0
4/4/2026 10:00 PM,19.84,16.6,95.42,996.68,0,0,6.8,252.42 °W,0
4/4/2026 11:00 PM,19.39,15.81,96.61,996.59,0,0,6.1,252.42 °W,0
4/5/2026 12:00 AM,19.26,17.02,93.07,996.18,0,0,6.47,252.42 °W,0
4/5/2026 01:00 AM,19.24,17.81,90.8,995.87,0,0,6.05,252.42 °W,0
4/5/2026 02:00 AM,19.17,16.98,93.04,995.53,0,0,6,252.42 °W,0
4/5/2026 03:00 AM,18.95,16.08,95.12,995.48,0,0,6,252.42 °W,0
4/5/2026 04:00 AM,19.04,15.8,95.99,995.65,0,0,6,252.42 °W,0
4/5/2026 05:00 AM,19.29,15.81,96.39,996.1,0,92.32,4.97,252.42 °W,0
4/5/2026 06:00 AM,19.98,15.86,98.15,996.82,0,2773.83,4.73,252.42 °W,0
4/5/2026 07:00 AM,23.39,22.89,85.58,997.46,0,6542.13,5.55,252.42 °W,0
4/5/2026 08:00 AM,28.49,30.64,64.36,997.39,0,30136.12,5.95,201.11 °S,0
4/5/2026 09:00 AM,32.54,34.97,48.47,997.19,0,53158.78,5.13,243.56 °SW,0
4/5/2026 10:00 AM,33.59,36.65,47.19,996.63,0,52212.89,4,234.04 °SW,0
4/5/2026 11:00 AM,34.64,38.2,45.39,995.74,0,52491.53,4,225.76 °SW,0.17
4/5/2026 12:00 PM,34.18,38.61,49.42,994.71,0,54612.5,4,243.93 °SW,0.21
4/5/2026 01:00 PM,35.1,39.24,45.55,993.83,0,54612.5,3.07,253.02 °W,0.04
4/5/2026 02:00 PM,35.83,39.22,41.2,993.2,0,52717.03,3,262.05 °W,0.04
4/5/2026 03:00 PM,34.71,37.82,43.76,992.94,0,36167.35,3,255.12 °W,0
4/5/2026 04:00 PM,33.36,36.45,48.1,993.31,0,16182.76,3,269.25 °W,0
4/5/2026 05:00 PM,30.88,33.57,55.65,994.16,0,4603.33,3,281.5 °W,0
4/5/2026 06:00 PM,26.95,28.68,70.72,994.88,0,144.56,2.13,281.5 °W,0
4/5/2026 07:00 PM,24.49,24.89,83.37,995.44,0,0,0,281.51 °W,0
4/5/2026 08:00 PM,23.28,22.5,88.44,995.85,0,0,0.92,281.51 °W,0
4/5/2026 09:00 PM,22.52,20.75,92,996.42,0,0,9.37,281.51 °W,0
4/5/2026 10:00 PM,21.98,19.15,95.71,996.79,0,0,8.65,281.51 °W,0
4/5/2026 11:00 PM,21.9,18.29,98.83,996.84,0,0,7.53,281.51 °W,0
4/6/2026 12:00 AM,21.33,17.07,99.77,996.73,0,0,7,281.51 °W,0
4/6/2026 01:00 AM,21,16.96,98.42,996.27,0,0,6.95,281.51 °W,0
4/6/2026 02:00 AM,20.97,17.14,97.66,996.02,0,0,6.47,281.51 °W,0
4/6/2026 03:00 AM,20.86,17.33,96.55,995.88,0,0,6,281.51 °W,0
4/6/2026 04:00 AM,20.8,17.64,95.24,996.12,0,0,6,281.51 °W,0
4/6/2026 05:00 AM,20.71,17.71,94.64,996.56,0,95.71,5.27,281.51 °W,0
4/6/2026 06:00 AM,21.99,20.27,89.55,997.18,0,3137.88,5.16,276.18 °W,0.05
4/6/2026 07:00 AM,27.38,28.78,62.4,997.65,0,8617.06,6,106.2 °E,0.98
4/6/2026 08:00 AM,29.74,31.94,57.97,997.99,0,31493.67,6.2,124.16 °SE,0.02
4/6/2026 09:00 AM,32.05,34.1,48.46,997.77,0,52455.19,5.13,124.48 °SE,0.67
4/6/2026 10:00 AM,33.88,35.64,41.62,997.4,0,54612.5,4.32,155.95 °SE,0.19
4/6/2026 11:00 AM,34.36,35.27,36.93,996.77,0,54612.5,4,117.38 °SE,0.6
4/6/2026 12:00 PM,34.53,35.34,36.1,995.88,0,54074.44,3.95,101.39 °E,0.37
4/6/2026 01:00 PM,37.14,38.92,32.78,994.92,0,49879.96,3.07,142.91 °SE,0
4/6/2026 02:00 PM,36.65,39.27,36.71,994.24,0,54575.74,3,220.34 °SW,0.1
4/6/2026 03:00 PM,35.61,38.59,40.66,994.09,0,39255.07,3,244.44 °SW,0.01
4/6/2026 04:00 PM,33.4,36.6,48.41,994.19,0,17514.29,3,255.66 °W,0
4/6/2026 05:00 PM,31.01,34.16,57.47,994.65,0,4742.83,3,249.92 °W,0
4/6/2026 06:00 PM,27.55,30.14,73.59,995.31,0,147.25,2.02,237.73 °SW,0
4/6/2026 07:00 PM,25.69,27.13,84.29,995.88,0,0,0,237.74 °SW,0
4/6/2026 08:00 PM,24.66,24.85,91.33,996.51,0,0,0,237.74 °SW,0
4/6/2026 09:00 PM,23.55,22.22,94.71,997.04,0,0,6.88,237.74 °SW,0
4/6/2026 10:00 PM,22.85,20.33,97.53,997.29,0,0,8.72,237.74 °SW,0
4/6/2026 11:00 PM,22.33,18.94,99.46,997.11,0,0,8,237.74 °SW,0
4/7/2026 12:00 AM,21.78,17.77,100,996.91,0,0,7.02,237.74 °SW,0
4/7/2026 01:00 AM,21.38,17.09,100,996.53,0,0,7,237.74 °SW,0
4/7/2026 02:00 AM,21.25,16.86,100,996.17,0,0,6.58,237.74 °SW,0
4/7/2026 03:00 AM,21,16.48,100,996.15,0,0,6,237.74 °SW,0
4/7/2026 04:00 AM,20.87,16.28,100,996.34,0,0,6,237.74 °SW,0
4/7/2026 05:00 AM,20.93,16.37,100,996.93,0,118.53,5.07,237.74 °SW,0
4/7/2026 06:00 AM,21.9,18.1,100,997.48,0,2985.33,5,237.74 °SW,0
4/7/2026 07:00 AM,24.61,24.43,90.77,998.13,0,6370.93,5.88,237.66 °SW,0
4/7/2026 08:00 AM,28.88,31.79,66.77,998.24,0,28326.46,7.6,237.66 °SW,0
4/7/2026 09:00 AM,32.69,35.87,50.81,997.97,0,54354.65,6.15,237.74 °SW,0.02
4/7/2026 10:00 AM,34.47,38.14,46.26,997.56,0,54612.5,4.98,231.32 °SW,0.05
4/7/2026 11:00 AM,35.25,39.92,46.56,997.2,0,54612.5,4.02,232.06 °SW,0.09
4/7/2026 12:00 PM,35.76,40.84,45.95,996.57,0,54612.5,4,233.57 °SW,0.1
4/7/2026 01:00 PM,36.14,41.06,44.34,995.68,0,54612.5,3.33,261.43 °W,0
4/7/2026 02:00 PM,35.1,39.46,46.19,995.01,0,53772.2,3,240.42 °SW,0.06
4/7/2026 03:00 PM,34.21,37.58,46.12,994.76,0,38124.98,3,238.89 °SW,0
4/7/2026 04:00 PM,33.3,37.8,52.88,994.82,0,17139.08,3,249.57 °W,0
4/7/2026 05:00 PM,30.79,34.33,59.81,995.13,0,4497.97,3,240.74 °SW,0
4/7/2026 06:00 PM,27.04,29.22,74.73,995.8,0,144.92,2.13,239.06 °SW,0
4/7/2026 07:00 PM,25.07,25.92,84.09,996.29,0,0,0,238.93 °SW,0
4/7/2026 08:00 PM,25.37,26.46,78.63,996.66,0,0,0,213.65 °SW,0.01
4/7/2026 09:00 PM,25.5,26.68,74.92,997.21,0,0,0,202.19 °S,0.09
4/7/2026 10:00 PM,24.98,25.97,71.29,997.45,0,0,0.55,195.27 °S,0.16
4/7/2026 11:00 PM,24.04,25.01,68.93,997.36,0,0,9.9,190.4 °S,0.56
4/8/2026 12:00 AM,22.04,22.62,77.18,997.22,0,0,10,192.52 °S,0
4/8/2026 01:00 AM,21.44,21.62,80.97,996.96,0,0,9.52,192.53 °S,0
4/8/2026 02:00 AM,21.74,21.11,84.93,996.64,0,0,9,192.5 °S,0
4/8/2026 03:00 AM,21.86,20.5,88.66,996.68,0,0,8.13,192.48 °S,0
4/8/2026 04:00 AM,21.79,19.81,91.52,997.06,0,0,8,192.48 °S,0
4/8/2026 05:00 AM,21.77,19.38,93.35,997.73,0,115.1,6.22,192.48 °S,0
4/8/2026 06:00 AM,22.51,20.47,93.38,998.34,0,3777.78,5.23,192.51 °S,0
4/8/2026 07:00 AM,25.31,26.26,80.87,998.74,0,10288.28,6.08,192.58 °S,0
4/8/2026 08:00 AM,29.33,31.09,57.47,999.04,0,32016.69,6.35,180 °S,0.72
4/8/2026 09:00 AM,32.17,34.19,47.94,998.77,0,54077.93,5.37,161.54 °S,0.98
4/8/2026 10:00 AM,32.65,35.67,50.22,998.69,0,36149.79,4.28,132.56 °SE,0.35
4/8/2026 11:00 AM,34.09,37.02,45.06,998.26,0,45527.53,4.32,137.24 °SE,0.5
4/8/2026 12:00 PM,35.94,38.74,39.09,997.3,0,52351.14,3.97,125.94 °SE,0.13
4/8/2026 01:00 PM,36.14,40.92,43.95,996.31,0,51145,3.11,160.67 °S,0.06
4/8/2026 02:00 PM,35.37,40.81,48.15,995.77,0,53529.51,3,222.31 °SW,0.07
4/8/2026 03:00 PM,33.84,39.28,53.63,995.46,0,36808.53,3,214.28 °SW,0.21
4/8/2026 04:00 PM,32.04,36.4,57.4,995.48,0,17000.82,3.28,212.22 °SW,0
4/8/2026 05:00 PM,30.46,34.11,61.74,995.91,0,4494.79,4.33,220.15 °SW,0
4/8/2026 06:00 PM,27.37,30.05,75.57,996.48,0,138.87,2.8,217.38 °SW,0
4/8/2026 07:00 PM,25.77,27.28,82.32,996.98,0,0,0,207.31 °SW,0
4/8/2026 08:00 PM,24.47,24.85,83.8,997.6,0,0,0,216.52 °SW,0
4/8/2026 09:00 PM,22.95,22.22,86.83,997.93,0,0,6.4,221.22 °SW,0
4/8/2026 10:00 PM,22.56,21.99,84.9,998.16,0,0,10.03,220.56 °SW,0
4/8/2026 11:00 PM,21.96,21.22,85.56,998.15,0,0,9.32,220.07 °SW,0
4/9/2026 12:00 AM,21.56,21.11,84.1,997.88,0,0,9,220.69 °SW,0
4/9/2026 01:00 AM,20.75,19.83,86.97,997.44,0,0,8.3,220.85 °SW,0
4/9/2026 02:00 AM,20.37,20,85.27,997.2,0,0,8,218.14 °SW,0
4/9/2026 03:00 AM,20.23,20.53,82.95,997.05,0,0,8,218.83 °SW,0
4/9/2026 04:00 AM,20.14,20.33,83.58,997.45,0,0,8,217.83 °SW,0
4/9/2026 05:00 AM,20.33,21,81.1,997.88,0,138.12,6.55,219.86 °SW,0
4/9/2026 06:00 AM,23.57,24.65,62.93,998.09,0,3287.65,5.82,187.13 °S,0.07
4/9/2026 07:00 AM,26.54,27.66,61.49,998.62,0,7617.88,5.75,125.17 °SE,1.34
4/9/2026 08:00 AM,29.12,30.49,55.46,998.84,0,33041.22,5.85,137.18 °SE,0.09
4/9/2026 09:00 AM,32.62,33.79,42.75,998.69,0,54538.83,5.18,132.92 °SE,0.11
4/9/2026 10:00 AM,35.26,36.63,36.31,998.02,0,54612.5,4.47,147.74 °SE,0.01
4/9/2026 11:00 AM,35.54,37.03,35.95,997.39,0,52542.24,4,156.31 °SE,0.23
4/9/2026 12:00 PM,36.87,38.54,33.3,996.51,0,54612.5,3.79,214.14 °SW,0.07
4/9/2026 01:00 PM,37.14,39.55,34.85,995.66,0,52976.03,3,208.47 °SW,0.13
4/9/2026 02:00 PM,36.7,39.22,36.27,995.3,0,48664.1,3,223.4 °SW,0
4/9/2026 03:00 PM,36.51,39.14,37.17,995.11,0,38848.37,2.98,215.09 °SW,0.01
4/9/2026 04:00 PM,33.98,37.81,48.45,995.29,0,18577.28,3,236.08 °SW,0
4/9/2026 05:00 PM,31,34.57,59.05,995.61,0,4638.01,3.49,234.37 °SW,0
4/9/2026 06:00 PM,27.83,30.66,72.72,996.3,0,139.26,2.1,234.5 °SW,0
4/9/2026 07:00 PM,26.5,28.76,81.76,996.7,0,0,0,234.19 °SW,0
4/9/2026 08:00 PM,25.8,27.44,86.28,997.23,0,0,0,233.54 °SW,0
4/9/2026 09:00 PM,24.81,25.18,91.26,997.76,0,0,0,233.59 °SW,0
4/9/2026 10:00 PM,24.68,25.01,88.68,998.24,0,0,5.67,217.95 °SW,0
4/9/2026 11:00 PM,24.19,23.95,90.19,998.27,0,0,10,217.42 °SW,0
4/10/2026 12:00 AM,23.53,22.45,92.14,997.89,0,0,9.13,217.43 °SW,0
4/10/2026 01:00 AM,22.96,20.96,95.22,997.31,0,0,8.65,217.44 °SW,0
4/10/2026 02:00 AM,22.88,20.65,96.18,996.79,0,0,8.47,217.44 °SW,0
4/10/2026 03:00 AM,22.59,20.01,96.61,996.55,0,0,8,217.44 °SW,0
4/10/2026 04:00 AM,22.67,19.96,97.68,996.88,0,0,8,217.44 °SW,0
4/10/2026 05:00 AM,22.72,20.2,96.89,997.57,0,119.29,6.46,217.44 °SW,0
4/10/2026 06:00 AM,23.92,22.95,94.27,998.27,0,4341.26,5.6,217.44 °SW,0
4/10/2026 07:00 AM,26.71,29.03,80.03,998.9,0,12140.79,6.83,217.44 °SW,0
4/10/2026 08:00 AM,29.77,33.44,65.41,999.13,0,33848.57,7.18,217.46 °SW,0
4/10/2026 09:00 AM,32.92,37.06,53.19,999.03,0,47210.75,5.97,224.8 °SW,0
4/10/2026 10:00 AM,33.77,38.77,52.59,998.81,0,51065.37,5.07,211.19 °SW,0
4/10/2026 11:00 AM,34.63,39.68,49.67,998.19,0,49247.06,4.7,212.09 °SW,0.1
4/10/2026 12:00 PM,35.05,40.22,48.52,997.43,0,54544.51,4,236.01 °SW,0.1
4/10/2026 01:00 PM,34.57,39.67,50.04,996.48,0,53705.6,3.97,228.88 °SW,0.3
4/10/2026 02:00 PM,34.84,39.8,48.67,995.83,0,53753.43,3.27,221.44 °SW,0.17
4/10/2026 03:00 PM,34.1,38.45,49.53,995.53,0,37476.91,3,232.02 °SW,0.09
4/10/2026 04:00 PM,32.49,37.17,56.65,995.61,0,16686.23,3.13,248.9 °W,0.01
4/10/2026 05:00 PM,30.18,33.9,63.5,995.84,0,4356.32,3.4,248.28 °W,0
4/10/2026 06:00 PM,27.16,29.68,75.96,996.19,0,140.18,2.33,245.55 °SW,0
4/10/2026 07:00 PM,26.61,28.73,77.8,996.66,0,0,0,251.34 °W,0
4/10/2026 08:00 PM,26,27.64,79.21,996.94,0,0,0,206.28 °SW,0.17
4/10/2026 09:00 PM,25.72,27.1,78.54,997.44,0,0,1.28,178.4 °S,0.29
4/10/2026 10:00 PM,24.99,25.9,77.86,997.8,0,0,7.7,176.37 °S,0.1
4/10/2026 11:00 PM,22.94,22.32,85.86,997.66,0,0,9.38,176.4 °S,0
4/11/2026 12:00 AM,21.77,19.54,92.64,997.18,0,0,8.43,176.4 °S,0
4/11/2026 01:00 AM,21.55,18.71,94.84,996.81,0,0,8,176.4 °S,0
4/11/2026 02:00 AM,21.61,18.62,95.6,996.5,0,0,8,176.4 °S,0
4/11/2026 03:00 AM,21.56,18.17,97.04,996.41,0,0,7.13,176.4 °S,0
4/11/2026 04:00 AM,21.3,17.2,99.13,996.59,0,0,7.41,176.4 °S,0
4/11/2026 05:00 AM,20.99,16.46,100,997.15,0,161.53,6.5,176.4 °S,0
4/11/2026 06:00 AM,21.35,17.13,99.91,997.74,0,3691.57,5.7,176.4 °S,0
4/11/2026 07:00 AM,24.73,24.88,84.68,998.15,0,11699.51,6.75,176.4 °S,0
4/11/2026 08:00 AM,28.88,31.34,63.44,998.36,0,32202.29,7.97,176.44 °S,0.03
4/11/2026 09:00 AM,32.8,36.89,53.53,998.24,0,47764.5,6.03,184.33 °S,0.08
4/11/2026 10:00 AM,33.41,37.88,52.4,997.95,0,44539.41,4.69,198.7 °S,0.1
4/11/2026 11:00 AM,33.36,38.54,54.69,997.44,0,44239.62,4.4,209.07 °SW,0.21
4/11/2026 12:00 PM,34.14,39.26,51.58,996.51,0,50444.29,4,255.21 °W,0.26
4/11/2026 01:00 PM,34.42,39.88,51.48,995.37,0,53619.79,4,224.35 °SW,0.54
4/11/2026 02:00 PM,33.46,38.69,54.42,994.63,0,51533.85,3.88,215.42 °SW,0.42
4/11/2026 03:00 PM,33.29,38.2,54.13,994.23,0,33673.87,3.22,226.3 °SW,0.05
4/11/2026 04:00 PM,31.84,35.43,55.39,994.28,0,15982.06,3.79,211.07 °SW,0.05
4/11/2026 05:00 PM,29.99,32.82,60.3,994.52,0,4081.08,3.67,210.81 °SW,0
4/11/2026 06:00 PM,27.18,29.37,72.37,995.19,0,140.29,2.3,204.6 °SW,0
4/11/2026 07:00 PM,26.47,28.44,77.56,995.74,0,0,0,186.36 °S,0
4/11/2026 08:00 PM,26.13,27.73,75.94,996.24,0,0,0,179.38 °S,0
4/11/2026 09:00 PM,25.92,27.24,72.66,996.93,0,0,0,173.41 °S,0
4/11/2026 10:00 PM,24.56,25.09,81.25,997.25,0,0,4.87,176.94 °S,0
4/11/2026 11:00 PM,23.46,22.84,87.87,997.18,0,0,9.75,175.35 °S,0
4/12/2026 12:00 AM,23.12,21.95,90.63,996.77,0,0,9,175.41 °S,0
4/12/2026 01:00 AM,23.11,21.4,94.22,996.29,0,0,8.68,175.43 °S,0
4/12/2026 02:00 AM,22.79,20.5,96.02,995.95,0,0,8,175.43 °S,0
4/12/2026 03:00 AM,22.47,19.47,98.19,995.84,0,0,7.74,175.43 °S,0
4/12/2026 04:00 AM,21.94,18.15,99.62,996.04,0,0,7,175.43 °S,0
4/12/2026 05:00 AM,21.64,17.52,100,996.66,0,142.15,5.7,175.43 °S,0
4/12/2026 06:00 AM,22.19,18.56,100,997.4,0,3641.12,5.3,175.43 °S,0
4/12/2026 07:00 AM,24.99,25.18,90.05,997.94,0,13867.21,7.27,175.43 °S,0
4/12/2026 08:00 AM,28.86,31.86,67.12,998.04,0,30698.5,8.1,175.51 °S,0
4/12/2026 09:00 AM,32.59,36.87,54.91,997.85,0,49209.81,6.48,193.46 °S,0
4/12/2026 10:00 AM,33.8,38.59,51.94,997.5,0,43464.26,5.08,208.94 °SW,0
4/12/2026 11:00 AM,34.06,38.89,51.05,996.95,0,42279.08,4.63,217 °SW,0
4/12/2026 12:00 PM,33.05,37.75,54.6,996.17,0,36042.74,4.1,221.8 °SW,0.06
4/12/2026 01:00 PM,33.96,38.99,52.02,995.35,0,54149.31,4,274.38 °W,0.19
4/12/2026 02:00 PM,34.46,39.19,49.34,994.61,0,52858.76,3.7,254.77 °W,0.14
4/12/2026 03:00 PM,33.03,37.23,52.96,994.51,0,33788.35,3.05,237.42 °SW,0.1
4/12/2026 04:00 PM,31.72,35.63,57.18,994.47,0,16255.42,3.88,237.71 °SW,0.05
4/12/2026 05:00 PM,29.69,33.14,64.8,994.75,0,4296.47,3.32,234.93 °SW,0
4/12/2026 06:00 PM,26.63,28.79,78.72,995.3,0,143.29,2.4,234.93 °SW,0
4/12/2026 07:00 PM,25.98,27.68,81.36,995.92,0,0,0,234.71 °SW,0
4/12/2026 08:00 PM,25.26,26.28,84.99,996.55,0,0,0,234.71 °SW,0
4/12/2026 09:00 PM,25.52,26.8,83.83,997.17,0,0,5.28,234.8 °SW,0
4/12/2026 10:00 PM,25.12,26.02,83.94,997.4,0,0,10,233.64 °SW,0
4/12/2026 11:00 PM,24.21,24.18,87.08,997.17,0,0,9.18,228.96 °SW,0
4/13/2026 12:00 AM,22.95,21.04,94.49,996.9,0,0,8,228.96 °SW,0
4/13/2026 01:00 AM,22.18,19,97.88,996.56,0,0,7.35,229.01 °SW,0
4/13/2026 02:00 AM,22.3,19.9,94.12,996.31,0,0,7.52,229 °SW,0.01
4/13/2026 03:00 AM,21.79,19.42,93.29,996.09,0,0,7.08,228.82 °SW,0.01
4/13/2026 04:00 AM,21.85,20.69,87.5,996.53,0,0,7.2,231.09 °SW,0.05
4/13/2026 05:00 AM,20.98,18.89,91.47,997.14,0,175.71,5.87,229.08 °SW,0
4/13/2026 06:00 AM,22.02,20.57,89.17,997.92,0,3920.07,5.47,229.06 °SW,0
4/13/2026 07:00 AM,25.98,27.19,75.76,998.72,0,12339.78,6.57,229.13 °SW,0
4/13/2026 08:00 AM,30.32,32.56,55.72,999.13,0,31060.04,7.57,228.11 °SW,0.11
4/13/2026 09:00 AM,32.84,35.16,46.96,998.92,0,51700.71,6.15,201.77 °S,0.07
4/13/2026 10:00 AM,34.35,37.32,44.36,998.38,0,50614.94,4.85,221.7 °SW,0.01
4/13/2026 11:00 AM,34.63,37.66,43.79,997.73,0,42682.72,4.32,246.96 °SW,0.04
4/13/2026 12:00 PM,35.22,39,44.09,996.85,0,50541,4,229.32 °SW,0.07
4/13/2026 01:00 PM,35.9,40.32,43.81,995.95,0,54612.5,3.73,231.97 °SW,0.45
4/13/2026 02:00 PM,35.13,39.17,45.16,995.32,0,54093.76,3,219.71 °SW,0.54
4/13/2026 03:00 PM,33.73,37.01,47.5,995.26,0,37661.8,3,214.19 °SW,0.06
4/13/2026 04:00 PM,32.51,36.18,53.2,995.51,0,16894.94,3,224.59 °SW,0
4/13/2026 05:00 PM,30.17,33.5,61.86,995.85,0,4162.61,4.22,225.77 °SW,0
4/13/2026 06:00 PM,27.22,29.54,73.1,996.4,0,137.04,2.77,220.73 °SW,0
4/13/2026 07:00 PM,26.53,28.52,76.74,997.12,0,0,0,189.02 °S,0
4/13/2026 08:00 PM,26.1,27.8,78.61,997.76,0,0,0,185.98 °S,0
4/13/2026 09:00 PM,25.8,27.3,80.47,998.28,0,0,0,184.32 °S,0
4/13/2026 10:00 PM,25.03,25.89,82.49,998.3,0,0,8.38,183.15 °S,0.25
4/13/2026 11:00 PM,24.87,25.64,81.08,997.84,0,0,9.83,179.29 °S,0
4/14/2026 12:00 AM,23.29,22.61,87.1,997.28,0,0,8.6,179.3 °S,0
4/14/2026 01:00 AM,22.22,20.44,91.3,996.96,0,0,8,179.3 °S,0
4/14/2026 02:00 AM,22.13,20.15,92.15,996.83,0,0,8,179.34 °S,0
4/14/2026 03:00 AM,22.06,19.77,93.41,996.77,0,0,8,179.37 °S,0
4/14/2026 04:00 AM,23.29,22.62,86.5,997.02,0,0,8,165.31 °S,0.48
4/14/2026 05:00 AM,23.84,23.96,82.35,997.51,0,187.39,6.4,129.13 °SE,0.29
4/14/2026 06:00 AM,24.54,25.11,80.76,998.09,0,4277.69,5.62,130.72 °SE,0.53
4/14/2026 07:00 AM,27.16,29.2,71.39,998.51,0.11,12779.81,6.67,123.91 °SE,0.46
4/14/2026 08:00 AM,30.6,33.52,57.97,998.8,0,32318.39,7.43,130.45 °SE,0.17
4/14/2026 09:00 AM,32.57,35.74,51.16,998.67,0,50436.3,5.85,150.25 °SE,0.1
4/14/2026 10:00 AM,34.61,38.37,45.95,998.07,0,48130.53,4.65,151.69 °SE,0.21
4/14/2026 11:00 AM,33.25,36.84,50.23,997.41,0,38606.43,4.42,151.89 °SE,0.2
4/14/2026 12:00 PM,34.52,39.26,49.52,996.39,0,38505.94,4.02,160.41 °S,0.18
4/14/2026 01:00 PM,34.84,40.44,50.39,995.1,0,54612.5,3.98,198.63 °S,0.39
4/14/2026 02:00 PM,35.55,40.31,45.81,994.28,0,51736.21,3.17,234.98 °SW,0.15
4/14/2026 03:00 PM,34.28,38.28,47.87,993.88,0,32030.92,3.09,221.15 °SW,0
4/14/2026 04:00 PM,32.35,37.1,57.55,993.72,0,14851.73,3.93,220.47 °SW,0
4/14/2026 05:00 PM,29.97,32.57,59.13,994.16,0,4202.43,4.49,219.63 °SW,0
4/14/2026 06:00 PM,27.37,29.49,70.29,994.62,0,157.45,2.94,210.83 °SW,0
4/14/2026 07:00 PM,26.43,28.26,75.93,995.22,0,0,0,209.18 °SW,0
4/14/2026 08:00 PM,25.67,27.01,79,995.72,0,0,0,209.05 °SW,0
4/14/2026 09:00 PM,24.48,24.81,84.59,996.23,0,0,0,208.99 °SW,0
4/14/2026 10:00 PM,24.18,24.32,84.48,996.36,0,0,7.02,207.36 °SW,0
4/14/2026 11:00 PM,22.87,21.53,90.54,995.89,0,0,9.12,206.93 °SW,0
4/15/2026 12:00 AM,22,19.25,95.37,995.42,0,0,8.49,207.31 °SW,0
4/15/2026 01:00 AM,21.52,17.95,97.62,995.05,0,0,8,207.33 °SW,0
4/15/2026 02:00 AM,21.13,16.88,99.32,994.68,0,0,7.58,207.33 °SW,0
4/15/2026 03:00 AM,20.72,16.07,100,994.69,0,0,7,207.33 °SW,0
4/15/2026 04:00 AM,20.71,16.06,100,995.17,0,0,7,207.33 °SW,0
4/15/2026 05:00 AM,20.55,15.83,100,995.88,0,192.49,5.82,207.33 °SW,0
4/15/2026 06:00 AM,21.39,17.2,100,996.52,0,4186.46,5.55,207.34 °SW,0
4/15/2026 07:00 AM,25.03,25.23,86.99,997.01,0,12209.95,6.9,207.42 °SW,0
4/15/2026 08:00 AM,28.86,31.92,67.55,997.39,0,30442.04,7.43,207.54 °SW,0
4/15/2026 09:00 AM,31.64,35.62,57.68,997.4,0,43549.12,6.12,215.27 °SW,0
4/15/2026 10:00 AM,32.67,36.89,54.42,997.05,0,37618.71,4.93,210.98 °SW,0.01
4/15/2026 11:00 AM,33.67,37.82,50.4,996.35,0,40312.65,4.6,231.24 °SW,0.01
4/15/2026 12:00 PM,34.07,36.88,44.72,995.35,0,33590,4.32,239.67 °SW,0.03
4/15/2026 01:00 PM,34.41,37.43,44.43,994.31,0,53071.12,4.07,242.16 °SW,0.16
4/15/2026 02:00 PM,35.18,37.14,38.62,993.59,0,54038.43,3.18,268.03 °W,0.1
4/15/2026 03:00 PM,34.3,36.56,42.2,993.2,0,38796.68,3,226.39 °SW,0.03
4/15/2026 04:00 PM,32.91,35.38,47.29,993.12,0,16862.12,3,220.71 °SW,0.01
4/15/2026 05:00 PM,30.42,32.69,55.74,993.56,0,4123.99,3.48,221.87 °SW,0
4/15/2026 06:00 PM,26.65,28.34,72.44,994.36,0,144.47,2.23,221.34 °SW,0
4/15/2026 07:00 PM,24.46,24.88,82.87,994.83,0,0,0,221.13 °SW,0.05
4/15/2026 08:00 PM,24.47,24.97,81.31,995.2,0,0,0,213.6 °SW,0.02
4/15/2026 09:00 PM,23.48,22.92,87.54,995.7,0,0,2.3,213.66 °SW,0
4/15/2026 10:00 PM,22.13,20.39,90.91,996.04,0,0,9.67,213.66 °SW,0
4/15/2026 11:00 PM,21.55,18.56,95.46,995.82,0,0,9,213.66 °SW,0
4/16/2026 12:00 AM,21.37,17.63,98.06,995.71,0,0,8.18,213.66 °SW,0
4/16/2026 01:00 AM,20.85,16.38,99.61,995.46,0,0,7.48,213.66 °SW,0
4/16/2026 02:00 AM,20.23,15.41,100,995.32,0,0,7,213.66 °SW,0
4/16/2026 03:00 AM,19.96,15.08,100,995.31,0,0,7,213.66 °SW,0
4/16/2026 04:00 AM,19.7,14.79,100,995.54,0,0,6.05,213.66 °SW,0
4/16/2026 05:00 AM,19.61,14.69,100,996.05,0,225.9,5.35,213.66 °SW,0
4/16/2026 06:00 AM,20.6,16.09,100,996.73,0,3733.31,5.42,213.66 °SW,0
4/16/2026 07:00 AM,24,23.35,86.34,997.42,0,10880.42,5.3,213.67 °SW,0
4/16/2026 08:00 AM,28.99,31.01,60.29,997.67,0,35014.16,6.85,213.76 °SW,0
4/16/2026 09:00 AM,32.71,34.81,46.62,997.55,0,52904.45,5.98,221.94 °SW,0
4/16/2026 10:00 AM,33.95,37.53,47.63,997.27,0,54566.33,4.98,217.63 °SW,0.16
4/16/2026 11:00 AM,34.73,38.69,46.27,996.92,0,54081.78,4.2,225.12 °SW,0.08
4/16/2026 12:00 PM,33.68,37.67,49.9,996.34,0,53271.21,4,252.6 °W,0.28
4/16/2026 01:00 PM,33.51,37.49,50.51,995.71,0,48625.43,4,261.67 °W,0.15
4/16/2026 03:00 PM,34.01,36.6,44.24,994.36,0,25576.67,3,255.67 °W,4.87
4/16/2026 04:00 PM,33.02,35.2,45.88,994.38,0,16136.85,3.08,256.18 °W,0
4/16/2026 05:00 PM,30.43,32.86,56.4,994.69,0,4270.85,4.35,260.82 °W,0
4/16/2026 06:00 PM,26.18,27.7,73.65,995.33,0,164.79,3.05,260.28 °W,0
4/16/2026 07:00 PM,23.82,24.39,76.4,996.01,0,0,0,260.44 °W,0
4/16/2026 08:00 PM,23.32,24.32,70.11,996.48,0,0,0.85,234.81 °SW,0
4/16/2026 09:00 PM,23.83,24.84,68.18,996.82,0,0,0,259.55 °W,0
4/16/2026 10:00 PM,23.91,24.86,69.28,997.05,0,0,0,227.61 °SW,0
4/16/2026 11:00 PM,23.8,24.81,68.45,996.76,0,0,0.18,209.09 °SW,0
4/17/2026 12:00 AM,22.57,23.71,71.13,996.22,0,0,0,203.77 °SW,0
4/17/2026 01:00 AM,21.63,21.97,79.62,995.8,0,0,2.73,207.54 °SW,0
4/17/2026 02:00 AM,21.45,20.88,84.71,995.41,0,0,9.9,207.55 °SW,0
4/17/2026 03:00 AM,20.73,18.87,90.58,995.4,0,0,9,207.51 °SW,0
4/17/2026 04:00 AM,20.12,17.51,93.45,995.77,0,0,8.05,207.51 °SW,0
4/17/2026 05:00 AM,19.72,16.3,96.01,996.35,0,202.74,6.37,207.51 °SW,0
4/17/2026 06:00 AM,20.22,16.77,96.23,997.03,0,4133.14,5.77,207.54 °SW,0
4/17/2026 07:00 AM,24.65,25.22,77.89,997.43,0,14121.72,5.13,207.6 °SW,0
4/17/2026 08:00 AM,29.26,31.17,58.93,997.6,0,32605.62,5.62,207.64 °SW,0
4/17/2026 09:00 AM,33.85,36.17,43.7,997.38,0,52254.18,5.03,232.83 °SW,0
4/17/2026 10:00 AM,34.16,37.07,44.82,997.08,0,49458.61,4.17,224.85 °SW,0
4/17/2026 11:00 AM,34.26,37.86,46.71,996.76,0,47224.47,4,238.88 °SW,0.04
4/17/2026 12:00 PM,34.04,39.08,51.75,996.25,0,48920.26,4,254.75 °W,0.12
4/17/2026 01:00 PM,33.15,37.35,52.63,995.53,0,46534.63,3.98,257.74 °W,0.07
4/17/2026 02:00 PM,33.86,37.92,49.44,994.66,0,51415.72,3.08,233.35 °SW,0.23
4/17/2026 03:00 PM,33.23,36.11,47.67,994.36,0,31989.89,3.08,253.05 °W,0.04
4/17/2026 04:00 PM,31.03,34.99,60.36,994.35,0,12937.57,3.95,243.66 °SW,0
4/17/2026 05:00 PM,29.76,33.8,66.98,994.46,0,4331.76,3.28,256.95 °W,0
4/17/2026 06:00 PM,27.01,29.33,75.54,994.93,0,150.46,2.5,254.64 °W,0
4/17/2026 07:00 PM,26.16,27.9,78.4,995.35,0,0,0,232.42 °SW,0
4/17/2026 08:00 PM,25.8,27.24,78.34,995.9,0,0,0,224.7 °SW,0
4/17/2026 09:00 PM,25.65,27.03,81.11,996.7,0,0,0,205.4 °SW,0.09
4/17/2026 10:00 PM,25.29,26.37,76.91,997.07,0,0,2.92,188.93 °S,0.83
4/17/2026 11:00 PM,25.01,25.98,72.71,996.82,0,0,10.15,187.06 °S,0.87
4/18/2026 12:00 AM,24.2,24.75,77.45,996.43,0,0,10,184.96 °S,0.16
4/18/2026 01:00 AM,23.04,22.63,84.54,996.13,0,0,9.43,185.01 °S,0
4/18/2026 02:00 AM,22.28,20.74,90.12,995.66,0,0,8.77,185.01 °S,0
4/18/2026 03:00 AM,21.76,19.21,94.02,995.41,0,0,8,185.01 °S,0
4/18/2026 04:00 AM,21.64,18.48,96.31,995.82,0,0,8,185.01 °S,0
4/18/2026 05:00 AM,21.31,17.31,98.81,996.31,0,211.5,6.18,185.01 °S,0
4/18/2026 06:00 AM,21.97,18.24,99.61,996.87,0,4459.53,5.9,185.01 °S,0
4/18/2026 07:00 AM,25.33,26.22,85.93,997.11,0,14120.82,6.78,185.03 °S,0
4/18/2026 08:00 AM,29.36,32.23,64.41,997.09,0,31418.92,6.89,185.1 °S,0
4/18/2026 09:00 AM,33.81,37.35,48.04,996.92,0,47088.19,5.63,189.62 °S,0.04
4/18/2026 10:00 AM,33.87,37.83,49.18,996.69,0,36608.96,4.33,215.51 °SW,0.1
4/18/2026 11:00 AM,34.44,39.13,49.36,996.16,0,52293.26,4.38,227.53 °SW,0.31
4/18/2026 12:00 PM,34.97,39.2,46.21,995.22,0,54612.5,4,269.58 °W,0.36
4/18/2026 01:00 PM,34.9,38.42,44.35,994.56,0,54193.89,4,239.3 °SW,0.37
4/18/2026 02:00 PM,33.99,37.7,47.94,994.09,0,45395.11,3.2,216.57 °SW,0.17
4/18/2026 03:00 PM,31.51,33.92,51.99,994.1,0,18617.26,4,224.85 °SW,0
4/18/2026 04:00 PM,31.85,35.05,53.85,993.99,0,16659.44,4,227.23 °SW,0
4/18/2026 05:00 PM,29.64,33.27,65.99,994.15,0,4166.78,3.2,227.9 °SW,0
4/18/2026 06:00 PM,27.16,29.85,77.81,994.93,0,142.53,2.93,227.9 °SW,0
4/18/2026 07:00 PM,26.28,28.25,80.77,995.6,0,0,0,215.47 °SW,0
4/18/2026 08:00 PM,26.08,27.83,80.24,996.07,0,0,0,190.33 °S,0.09
4/18/2026 09:00 PM,25.78,27.21,78.12,996.54,0,0,0,188.25 °S,0.03
4/18/2026 10:00 PM,25.37,26.49,78.77,996.8,0,0,4.75,188.09 °S,0.03
4/18/2026 11:00 PM,24.46,24.92,81.98,996.44,0,0,9.8,186.56 °S,0.3
4/19/2026 12:00 AM,22.88,21.61,90.18,996,0,0,8.92,186.59 °S,0
4/19/2026 01:00 AM,22.36,20.5,92,995.54,0,0,8.18,186.59 °S,0
4/19/2026 02:00 AM,21.7,18.83,95.24,994.98,0,0,8,186.59 °S,0
4/19/2026 03:00 AM,21.21,17.4,97.91,994.72,0,0,7.25,186.59 °S,0
4/19/2026 04:00 AM,20.84,16.39,99.54,995.1,0,0,7,186.59 °S,0
4/19/2026 05:00 AM,20.53,15.8,100,995.56,0.11,218.88,5.85,186.59 °S,0
4/19/2026 06:00 AM,20.92,16.41,99.99,996.22,0,4329.17,5.87,186.59 °S,0
4/19/2026 07:00 AM,24.35,24.22,85.58,996.8,0,14156.63,6.8,186.66 °S,0
4/19/2026 08:00 AM,29.04,31.4,62.44,997.13,0,31264.08,7.13,186.69 °S,0
4/19/2026 09:00 AM,32.16,34.94,51.15,997.07,0,48636.15,6.28,205.51 °SW,0
4/19/2026 10:00 AM,32.97,36.24,50.04,996.85,0,41303.68,4.75,222.82 °SW,0.06
4/19/2026 11:00 AM,34.24,38.39,48.46,996.28,0,52898.1,4.8,229.52 °SW,0.39
4/19/2026 12:00 PM,33.54,37.11,49.05,995.51,0,51217.42,4,225.04 °SW,0.6
4/19/2026 01:00 PM,33.85,37.61,48.61,994.73,0,54612.5,4,212.57 °SW,0.07
4/19/2026 02:00 PM,33.68,36.91,47.49,994.33,0,46669.97,3.55,228.15 °SW,0.21
4/19/2026 03:00 PM,32.54,35.51,50.43,994.12,0,29829.87,3.85,263.36 °W,0.05
4/19/2026 04:00 PM,31.41,33.76,52.05,994.02,0,14493.96,4,271.72 °W,0
4/19/2026 05:00 PM,29.44,31.74,59.94,994.25,0,3919.25,4.75,272.17 °W,0
4/19/2026 06:00 PM,26.99,28.98,72.27,994.98,0,130.61,2.83,271.8 °W,0
4/19/2026 07:00 PM,26.06,27.68,77.44,995.65,0,0,0,271.51 °W,0
4/19/2026 08:00 PM,25.74,27.13,78.03,996.31,0,0,0,270.17 °W,0.01
4/19/2026 09:00 PM,25.72,27.05,76.17,996.88,0,0,0,263.87 °W,0.05
4/19/2026 10:00 PM,25.3,26.37,78.34,997.2,0,0,0.36,197.77 °S,0.15
4/19/2026 11:00 PM,25.42,26.55,74.95,996.98,0,0,9.23,186.5 °S,0.34
4/20/2026 12:00 AM,25.55,26.72,73.04,996.43,0,0,10,186.01 °S,0
4/20/2026 01:00 AM,24.19,24.52,81.23,996.09,0,0,10,186.49 °S,0
4/20/2026 02:00 AM,23.67,23.47,85.07,995.85,0,0,9.77,186.5 °S,0
4/20/2026 03:00 AM,23.55,23.43,83.76,995.7,0,0,9,186.48 °S,0
4/20/2026 04:00 AM,22.53,21.85,85.6,996.13,0,0,9,186.5 °S,0
4/20/2026 05:00 AM,21.45,20.84,85.01,996.45,0,242.28,6.88,186.5 °S,0
4/20/2026 06:00 AM,21.9,21.44,84.13,996.9,0,4410.6,6.23,186.53 °S,0
4/20/2026 07:00 AM,25.06,25.99,74.67,997.52,0,13809.82,5.2,186.61 °S,0
4/20/2026 08:00 AM,29.59,31.55,56.91,997.63,0,31441.97,6,187.82 °S,0
4/20/2026 09:00 AM,32.69,34.78,46.63,997.62,0,48824.02,5.31,205.18 °SW,0.01
4/20/2026 10:00 AM,35.03,36.65,37.83,997.17,0,54612.5,4.57,213.64 °SW,0
4/20/2026 11:00 AM,35.94,38.31,37.86,996.66,0,54612.5,4,238.61 °SW,0.21
4/20/2026 12:00 PM,36.29,39.86,40.38,995.77,0,54612.5,4,235.85 °SW,0.35
4/20/2026 01:00 PM,36.07,39.76,41.32,994.94,0,54612.5,3.18,249.93 °W,0.03
4/20/2026 02:00 PM,36.37,40.23,40.94,994.45,0,47987.8,3,245.44 °SW,0.12
4/20/2026 03:00 PM,34.28,39.08,50.2,994.15,0,29945.6,3,234.39 °SW,0
4/20/2026 04:00 PM,32.52,35.53,50.52,993.98,0,15139.86,3,232.98 °SW,0